id,variation_value_to_product_id,bundle_id,amount
1,7,1,7
2,8,2,6
3,9,2,1
4,12,2,7
5,13,2,4
6,14,3,5
7,15,3,5
8,18,3,1
9,20,3,6
10,24,4,7
11,26,4,8
12,27,4,10
13,29,4,2
14,31,5,3
15,33,5,8
16,34,5,10
17,39,6,2
18,41,6,6
19,42,6,3
20,43,6,1
21,44,6,4
22,47,7,1
23,50,7,5
24,51,7,6
25,52,7,6
26,53,8,1
27,54,8,6
28,55,8,7
29,56,8,7
30,60,9,8
31,64,9,7
32,65,9,1
33,66,9,8
34,67,10,10
35,69,10,8
36,70,10,3
37,72,10,2
38,76,11,2
39,78,11,1
40,79,11,9
41,81,11,5
42,82,11,2
43,83,12,7
44,84,12,6
45,86,12,10
46,87,12,6
47,89,12,4
48,90,12,4
49,92,13,1
50,93,13,7
51,94,13,5
52,98,14,1
53,99,14,8
54,100,14,9
55,102,15,1
56,105,15,4
57,106,15,1
58,107,15,9
59,109,16,6
60,110,16,10
61,111,16,5
62,112,16,7
63,115,16,7
64,116,17,7
65,117,17,9
66,119,17,8
67,120,17,4
68,122,17,7
69,123,17,10
70,124,17,1
71,126,18,9
72,127,18,1
73,131,18,4
74,133,18,2
75,136,19,4
76,138,19,5
77,140,19,9
78,141,19,3
79,144,20,1
80,145,20,8
81,147,20,8
82,149,21,10
83,151,21,10
84,152,21,9
85,153,21,6
86,159,22,3
87,163,22,9
88,165,23,3
89,166,23,7
90,169,23,10
91,170,23,9
92,173,23,3
93,174,23,7
94,175,24,1
95,176,24,5
96,177,24,3
97,178,24,10
98,179,24,2
99,181,25,10
100,183,25,7
101,186,26,1
102,191,26,1
103,193,27,4
104,194,27,10
105,195,27,10
106,198,27,1
107,200,28,10
108,201,28,6
109,202,28,4
110,208,29,4
111,212,29,9
112,213,30,4
113,215,30,1
114,216,30,3
115,218,31,1
116,219,31,2
117,221,31,8
118,223,31,7
119,224,31,4
120,229,32,2
121,230,32,8
122,232,33,5
123,233,33,3
124,234,33,5
125,235,33,2
126,237,33,5
127,238,33,5
128,239,33,1
129,241,34,1
130,243,34,4
131,244,34,8
132,245,34,7
133,246,35,10
134,248,35,1
135,249,35,5
136,251,35,10
137,252,35,3
138,253,35,10
139,256,36,6
140,258,36,8
141,259,36,4
142,260,36,2
143,261,36,10
144,262,37,9
145,264,37,6
146,268,38,10
147,273,38,4
148,275,38,4
149,285,39,6
150,286,40,1
151,288,40,6
152,290,40,10
153,291,40,8
154,292,40,5
155,298,41,7
156,301,41,10
157,303,41,7
158,304,41,10
159,305,41,9
160,306,42,4
161,307,42,8
162,308,42,1
163,311,42,9
164,313,42,3
165,316,43,3
166,317,43,8
167,319,43,8
168,323,44,1
169,327,44,9
170,328,45,9
171,332,45,9
172,334,45,8
173,336,45,1
174,337,45,7
175,338,46,1
176,339,46,9
177,343,46,2
178,345,47,6
179,346,47,10
180,347,47,9
181,350,47,7
182,351,48,5
183,352,48,10
184,355,48,2
185,357,48,5
186,359,48,2
187,362,49,3
188,365,49,1
189,367,50,7
190,368,50,6
191,370,50,4
192,371,50,6
193,374,51,6
194,375,51,2
195,377,51,10
196,380,52,1
197,381,52,10
198,382,52,10
199,386,52,5
200,387,52,5
201,388,52,4
202,389,53,5
203,390,53,7
204,393,53,8
205,399,54,3
206,403,54,5
207,404,54,10
208,405,54,6
209,406,54,8
210,407,55,8
211,408,55,9
212,412,55,2
213,413,55,3
214,414,56,2
215,417,56,4
216,419,56,3
217,421,56,1
218,422,56,6
219,423,57,8
220,424,57,5
221,425,57,2
222,426,57,6
223,427,57,8
224,428,57,5
225,429,58,1
226,430,58,5
227,431,58,3
228,432,58,8
229,438,59,8
230,439,59,5
231,445,60,1
232,449,60,3
233,450,61,10
234,452,61,10
235,454,61,6
236,457,61,9
237,458,62,2
238,460,62,1
239,461,62,8
240,464,62,6
241,467,63,10
242,468,63,10
243,469,63,9
244,471,63,9
245,472,63,5
246,473,63,8
247,474,64,2
248,475,64,2
249,476,64,8
250,477,64,8
251,478,64,2
252,480,65,3
253,483,65,7
254,487,66,10
255,489,66,9
256,493,67,6
257,495,67,2
258,497,67,7
259,498,67,2
260,499,67,4
261,501,68,3
262,505,68,3
263,507,69,9
264,508,69,4
265,509,69,7
266,510,69,5
267,511,69,8
268,514,70,9
269,516,70,4
270,517,70,2
271,519,71,7
272,521,71,9
273,523,72,5
274,524,72,5
275,525,72,7
276,526,72,10
277,528,72,9
278,529,72,6
279,530,72,7
280,531,73,6
281,532,73,8
282,533,73,4
283,534,73,4
284,538,73,5
285,539,73,3
286,540,73,8
287,541,74,2
288,542,74,2
289,544,74,4
290,545,74,10
291,548,74,10
292,549,74,3
293,551,75,5
294,552,75,3
295,553,75,7
296,554,75,6
297,556,75,8
298,558,75,5
299,563,76,8
300,564,76,6
301,565,76,7
302,567,76,4
303,570,77,6
304,571,77,8
305,573,77,10
306,575,77,4
307,577,78,10
308,578,78,8
309,581,78,1
310,582,78,1
311,584,78,1
312,586,79,10
313,590,79,7
314,591,79,3
315,592,79,9
316,593,80,9
317,594,80,8
318,595,80,6
319,596,80,1
320,597,80,5
321,599,80,9
322,600,80,3
323,601,80,10
324,602,81,8
325,603,81,10
326,605,81,6
327,606,81,5
328,608,82,10
329,614,82,2
330,616,82,3
331,618,83,8
332,621,83,9
333,623,84,1
334,624,84,9
335,628,85,6
336,633,85,4
337,634,85,9
338,635,85,7
339,640,86,7
340,642,86,8
341,645,86,5
342,647,86,10
343,649,87,9
344,651,87,7
345,654,87,4
346,656,88,10
347,658,88,1
348,660,89,10
349,664,89,1
350,665,89,10
351,666,89,3
352,667,89,6
353,668,89,2
354,669,90,5
355,671,90,10
356,672,90,7
357,675,90,1
358,676,90,7
359,678,91,8
360,679,91,3
361,684,91,1
362,685,92,10
363,686,92,5
364,687,92,8
365,688,92,1
366,691,93,4
367,692,93,10
368,693,93,4
369,694,93,6
370,695,93,9
371,699,94,6
372,700,94,1
373,706,94,5
374,709,95,4
375,710,95,9
376,713,95,5
377,716,95,1
378,718,96,10
379,719,96,3
380,721,96,2
381,724,97,7
382,726,97,10
383,730,97,8
384,731,98,3
385,732,98,5
386,733,98,3
387,736,99,5
388,737,99,6
389,738,99,3
390,741,99,4
391,743,99,6
392,744,99,1
393,745,100,2
394,748,100,6
395,749,100,3
396,751,100,10
397,753,100,7
398,754,101,6
399,755,101,10
400,760,101,4
401,762,102,5
402,764,102,6
403,766,102,7
404,767,103,7
405,771,103,2
406,773,104,10
407,774,104,4
408,775,104,2
409,776,104,5
410,777,104,6
411,779,104,9
412,781,105,10
413,783,105,8
414,788,106,4
415,789,106,10
416,790,106,5
417,793,107,1
418,795,107,3
419,797,107,7
420,801,108,7
421,803,108,8
422,804,109,4
423,805,109,1
424,806,109,4
425,807,109,9
426,808,109,4
427,813,110,9
428,815,111,7
429,817,111,7
430,819,111,7
431,820,112,6
432,822,112,6
433,824,112,9
434,825,112,10
435,826,112,6
436,828,113,5
437,830,113,3
438,832,113,1
439,834,114,2
440,836,114,7
441,838,114,6
442,841,115,5
443,842,115,8
444,844,115,8
445,845,115,5
446,848,116,5
447,850,116,6
448,851,116,10
449,854,116,5
450,855,116,5
451,856,117,8
452,857,117,8
453,860,117,2
454,862,117,5
455,863,117,8
456,864,118,1
457,865,118,8
458,866,118,10
459,868,118,4
460,869,118,7
461,870,118,3
462,872,119,4
463,874,119,10
464,875,119,5
465,876,119,4
466,878,119,7
467,879,120,8
468,881,120,1
469,885,120,4
470,888,121,4
471,890,121,8
472,891,121,2
473,893,122,3
474,895,122,10
475,896,122,3
476,897,122,7
477,900,123,2
478,903,123,4
479,904,123,5
480,907,123,9
481,908,124,1
482,909,124,6
483,915,125,10
484,917,125,6
485,918,125,6
486,923,126,4
487,924,126,7
488,925,126,9
489,929,126,6
490,933,127,7
491,936,127,7
492,937,127,3
493,940,127,10
494,941,128,5
495,945,128,9
496,946,129,5
497,948,129,9
498,951,129,10
499,952,129,1
500,953,129,1
501,956,130,1
502,958,130,10
503,959,130,3
504,960,130,3
505,962,130,7
506,963,130,7
507,965,131,1
508,967,131,4
509,972,132,6
510,974,132,1
511,975,132,4
512,977,132,6
513,979,133,1
514,980,133,10
515,985,134,1
516,988,134,8
517,989,134,4
518,991,134,7
519,992,134,7
520,996,135,2
521,998,135,10
522,999,135,9
523,1001,136,6
524,1002,136,7
525,1005,137,3
526,1009,137,2
527,1011,137,6
528,1012,138,9
529,1017,138,6
530,1020,138,9
531,1023,139,4
532,1025,139,7
533,1027,139,2
534,1028,139,4
535,1030,140,9
536,1031,140,9
537,1033,140,3
538,1034,140,1
539,1035,140,10
540,1041,141,2
541,1042,141,9
542,1045,142,1
543,1046,142,1
544,1047,142,3
545,1052,143,4
546,1053,143,5
547,1056,143,2
548,1057,143,8
549,1061,144,9
550,1065,144,4
551,1066,144,10
552,1069,145,4
553,1070,145,4
554,1075,145,10
555,1076,145,1
556,1077,146,4
557,1079,146,1
558,1081,146,7
559,1084,146,10
560,1086,147,6
561,1087,147,10
562,1088,147,5
563,1090,148,8
564,1091,148,8
565,1092,148,2
566,1094,148,8
567,1096,148,9
568,1097,148,10
569,1098,148,9
570,1100,149,10
571,1101,149,3
572,1102,149,5
573,1103,149,10
574,1104,149,2
575,1105,150,4
576,1107,150,10
577,1109,150,5
578,1117,151,2
579,1118,151,5
580,1120,152,10
581,1122,152,2
582,1123,152,7
583,1125,152,7
584,1126,152,1
585,1132,153,3
586,1133,153,9
587,1134,153,8
588,1138,154,7
589,1139,154,9
590,1140,154,6
591,1142,155,4
592,1145,155,3
593,1147,155,8
594,1148,156,4
595,1149,156,3
596,1150,156,2
597,1151,156,6
598,1152,156,3
599,1156,157,8
600,1157,157,2
601,1158,157,1
602,1159,157,3
603,1167,158,1
604,1168,158,9
605,1170,159,10
606,1171,159,5
607,1173,159,5
608,1174,159,10
609,1175,159,2
610,1177,159,7
611,1179,160,5
612,1185,160,7
613,1186,160,1
614,1188,161,3
615,1189,161,8
616,1190,161,4
617,1191,161,3
618,1192,161,4
619,1194,161,2
620,1195,161,6
621,1196,161,5
622,1199,162,10
623,1200,162,7
624,1201,162,9
625,1202,162,1
626,1204,163,2
627,1205,163,3
628,1207,163,3
629,1208,163,4
630,1209,163,2
631,1211,163,8
632,1215,164,5
633,1217,164,4
634,1218,164,1
635,1219,164,1
636,1220,164,1
637,1221,164,9
638,1223,165,2
639,1224,165,2
640,1229,166,4
641,1230,166,7
642,1231,166,3
643,1234,166,6
644,1240,167,9
645,1241,167,8
646,1245,167,2
647,1246,168,5
648,1247,168,5
649,1249,168,5
650,1251,169,5
651,1253,169,10
652,1254,169,8
653,1256,169,10
654,1257,169,3
655,1258,169,4
656,1260,169,1
657,1261,170,7
658,1262,170,10
659,1263,170,9
660,1264,170,2
661,1266,170,7
662,1267,170,8
663,1268,170,1
664,1269,170,1
665,1271,171,3
666,1272,171,4
667,1274,171,10
668,1278,172,6
669,1282,172,8
670,1284,172,9
671,1287,173,8
672,1289,173,6
673,1292,173,4
674,1293,173,9
675,1294,174,6
676,1298,174,5
677,1299,174,2
678,1300,175,1
679,1305,175,6
680,1307,176,3
681,1308,176,6
682,1309,176,4
683,1310,176,7
684,1312,177,10
685,1313,177,5
686,1315,177,8
687,1316,177,1
688,1317,178,6
689,1321,178,8
690,1323,179,9
691,1329,179,5
692,1330,179,5
693,1332,180,1
694,1333,180,2
695,1334,180,8
696,1335,180,2
697,1338,181,6
698,1339,181,2
699,1340,181,8
700,1342,181,9
701,1343,181,10
702,1344,181,4
703,1346,182,8
704,1347,182,2
705,1348,182,8
706,1350,182,6
707,1351,182,10
708,1352,183,3
709,1353,183,2
710,1354,183,2
711,1355,183,10
712,1356,183,6
713,1357,183,6
714,1358,184,4
715,1359,184,2
716,1360,184,5
717,1361,184,4
718,1362,184,10
719,1367,185,1
720,1368,186,2
721,1371,186,3
722,1375,186,6
723,1380,187,4
724,1382,187,10
725,1383,187,6
726,1386,188,3
727,1388,188,9
728,1391,188,3
729,1392,188,1
730,1393,188,8
731,1394,188,10
732,1397,189,5
733,1399,189,10
734,1400,189,9
735,1402,189,5
736,1404,190,2
737,1405,190,2
738,1408,190,5
739,1411,190,8
740,1415,191,1
741,1416,191,7
742,1417,191,7
743,1418,191,8
744,1419,191,10
745,1420,192,4
746,1422,192,9
747,1425,192,8
748,1430,193,5
749,1434,193,4
750,1436,194,9
751,1437,194,4
752,1443,195,3
753,1445,195,9
754,1446,195,10
755,1447,195,3
756,1451,196,9
757,1452,196,10
758,1458,197,7
759,1460,197,7
760,1463,198,3
761,1466,198,7
762,1467,198,9
763,1474,199,8
764,1476,199,10
765,1480,200,6
766,1481,200,4
767,1486,201,7
768,1489,201,3
769,1490,202,1
770,1496,203,4
771,1497,203,9
772,1498,203,3
773,1500,203,10
774,1501,203,10
775,1502,204,4
776,1503,204,5
777,1504,204,10
778,1505,204,6
779,1506,204,5
780,1508,204,3
781,1510,204,8
782,1511,204,10
783,1512,205,8
784,1518,205,2
785,1521,205,7
786,1522,206,5
787,1524,206,5
788,1527,207,10
789,1529,207,1
790,1530,207,4
791,1531,207,6
792,1532,207,2
793,1535,207,10
794,1536,208,3
795,1538,208,3
796,1539,208,4
797,1541,208,5
798,1542,209,7
799,1543,209,4
800,1546,209,5
801,1547,209,6
802,1548,209,2
803,1549,209,2
804,1550,209,6
805,1551,210,2
806,1552,210,1
807,1555,210,3
808,1556,210,6
809,1557,210,7
810,1558,210,8
811,1559,210,5
812,1560,210,2
813,1565,211,9
814,1566,211,2
815,1570,212,6
816,1574,212,4
817,1578,213,7
818,1579,213,8
819,1585,214,10
820,1594,215,9
821,1595,215,8
822,1602,216,2
823,1603,216,3
824,1604,216,7
825,1606,217,2
826,1610,217,4
827,1612,218,8
828,1613,218,8
829,1616,218,9
830,1618,218,8
831,1619,219,2
832,1625,219,5
833,1627,219,3
834,1628,220,4
835,1629,220,5
836,1630,220,2
837,1631,220,10
838,1632,220,5
839,1633,220,3
840,1637,221,1
841,1640,221,7
842,1641,221,5
843,1642,222,6
844,1643,222,6
845,1644,222,9
846,1649,222,7
847,1650,223,7
848,1651,223,9
849,1653,223,3
850,1654,223,7
851,1656,223,6
852,1659,224,9
853,1661,224,6
854,1663,224,1
855,1665,225,7
856,1667,225,8
857,1668,225,2
858,1670,226,3
859,1672,226,4
860,1673,226,5
861,1676,226,3
862,1678,226,5
863,1680,227,7
864,1685,228,10
865,1687,228,8
866,1695,229,5
867,1696,229,6
868,1697,229,9
869,1698,229,1
870,1699,229,7
871,1700,230,4
872,1703,230,4
873,1705,230,3
874,1706,230,4
875,1707,230,2
876,1709,230,3
877,1710,231,7
878,1711,231,1
879,1712,231,3
880,1713,231,6
881,1714,231,4
882,1715,232,8
883,1716,232,9
884,1718,232,3
885,1720,232,4
886,1721,233,2
887,1728,233,3
888,1733,234,7
889,1734,234,1
890,1736,235,10
891,1737,235,10
892,1738,235,2
893,1740,235,8
894,1744,235,4
895,1745,235,4
896,1749,236,1
897,1752,236,9
898,1753,236,7
899,1754,237,1
900,1756,237,10
901,1758,237,8
902,1759,237,8
903,1760,237,5
904,1763,238,3
905,1765,238,9
906,1766,238,6
907,1767,238,5
908,1769,239,10
909,1770,239,2
910,1774,239,10
911,1775,239,9
912,1777,240,1
913,1780,240,9
914,1781,240,1
915,1785,241,1
916,1786,241,4
917,1787,241,6
918,1788,241,1
919,1790,241,4
920,1792,241,9
921,1794,241,8
922,1796,242,8
923,1797,242,3
924,1798,242,3
925,1799,242,2
926,1801,242,10
927,1802,242,7
928,1803,242,1
929,1805,243,5
930,1806,243,10
931,1808,243,3
932,1809,243,3
933,1810,243,10
934,1812,244,3
935,1816,244,5
936,1818,244,10
937,1820,245,4
938,1822,245,10
939,1824,245,10
940,1826,245,4
941,1827,245,4
942,1828,245,5
943,1830,246,2
944,1831,246,6
945,1832,246,9
946,1834,246,3
947,1835,246,8
948,1836,246,8
949,1838,246,5
950,1840,247,1
951,1841,247,8
952,1843,247,9
953,1844,247,7
954,1845,247,8
955,1846,247,4
956,1848,247,8
957,1849,248,5
958,1852,248,4
959,1858,249,9
960,1862,249,5
961,1864,250,5
962,1865,250,9
963,1867,250,8
964,1870,250,10
965,1871,250,1
966,1872,250,3
967,1876,251,1
968,1879,251,10
969,1880,251,7
970,1884,252,6
971,1887,252,3
972,1888,253,8
973,1889,253,2
974,1890,253,8
975,1891,253,8
976,1893,253,6
977,1895,253,4
978,1899,254,10
979,1900,254,7
980,1901,254,2
981,1902,254,9
982,1903,254,8
983,1904,254,2
984,1905,254,4
985,1906,255,2
986,1910,255,3
987,1911,255,8
988,1913,256,4
989,1916,256,10
990,1918,257,3
991,1919,257,3
992,1920,257,6
993,1921,257,9
994,1922,258,8
995,1925,258,10
996,1927,258,2
997,1929,259,8
998,1930,259,5
999,1931,259,5
1000,1932,259,3
1001,1933,259,3
1002,1935,259,1
1003,1936,260,1
1004,1937,260,1
1005,1939,260,9
1006,1941,260,1
1007,1945,261,7
1008,1947,261,3
1009,1948,261,8
1010,1949,261,4
1011,1954,262,2
1012,1955,262,8
1013,1956,262,4
1014,1958,262,1
1015,1962,263,2
1016,1965,263,9
1017,1967,264,7
1018,1969,264,1
1019,1973,264,5
1020,1974,264,6
1021,1977,265,9
1022,1983,266,10
1023,1986,266,9
1024,1991,267,7
1025,1993,267,4
1026,1995,267,3
1027,1997,268,5
1028,1999,268,4
1029,2000,268,7
1030,2001,268,2
1031,2002,268,5
1032,2005,269,5
1033,2006,269,10
1034,2008,269,6
1035,2009,269,10
1036,2010,269,8
1037,2011,269,4
1038,2013,270,9
1039,2014,270,7
1040,2015,270,10
1041,2018,270,1
1042,2020,270,2
1043,2021,271,7
1044,2022,271,5
1045,2025,271,5
1046,2028,271,3
1047,2029,271,7
1048,2031,272,9
1049,2032,272,7
1050,2033,272,2
1051,2035,272,10
1052,2036,272,9
1053,2038,272,8
1054,2040,273,2
1055,2041,273,2
1056,2042,273,5
1057,2045,273,9
1058,2047,274,3
1059,2048,274,8
1060,2049,274,5
1061,2054,275,3
1062,2055,275,7
1063,2058,275,1
1064,2059,276,8
1065,2060,276,4
1066,2061,276,2
1067,2064,276,4
1068,2065,276,7
1069,2066,276,9
1070,2068,277,10
1071,2069,277,5
1072,2072,277,1
1073,2073,277,10
1074,2074,277,10
1075,2075,278,9
1076,2076,278,2
1077,2077,278,9
1078,2078,278,8
1079,2079,278,4
1080,2081,278,2
1081,2082,278,8
1082,2083,278,10
1083,2086,279,6
1084,2091,280,6
1085,2092,280,6
1086,2094,280,10
1087,2095,280,8
1088,2096,280,1
1089,2098,280,1
1090,2100,281,2
1091,2103,281,8
1092,2104,281,5
1093,2105,281,3
1094,2106,281,4
1095,2108,281,7
1096,2110,282,3
1097,2114,282,3
1098,2115,282,3
1099,2116,282,3
1100,2118,282,3
1101,2121,283,7
1102,2122,283,6
1103,2124,283,10
1104,2127,283,3
1105,2128,283,3
1106,2130,284,3
1107,2131,284,4
1108,2133,284,7
1109,2135,284,5
1110,2136,284,8
1111,2137,284,7
1112,2138,285,3
1113,2140,285,9
1114,2141,285,4
1115,2142,285,8
1116,2143,285,2
1117,2144,286,7
1118,2146,286,3
1119,2152,287,4
1120,2153,287,5
1121,2154,287,1
1122,2155,287,7
1123,2156,287,6
1124,2159,288,6
1125,2160,288,3
1126,2162,288,5
1127,2163,288,3
1128,2166,289,9
1129,2167,289,2
1130,2168,289,2
1131,2169,289,6
1132,2172,289,2
1133,2173,289,10
1134,2175,290,5
1135,2182,291,3
1136,2183,291,4
1137,2185,291,9
1138,2187,291,9
1139,2191,292,4
1140,2197,293,4
1141,2201,294,9
1142,2205,294,4
1143,2208,294,7
1144,2210,295,10
1145,2211,295,8
1146,2212,295,5
1147,2214,295,6
1148,2216,296,1
1149,2218,296,6
1150,2222,296,4
1151,2224,297,5
1152,2225,297,3
1153,2229,297,9
1154,2231,298,5
1155,2232,298,9
1156,2234,298,5
1157,2235,298,4
1158,2236,298,5
1159,2237,298,9
1160,2238,299,10
1161,2239,299,6
1162,2240,299,7
1163,2244,300,7
1164,2249,300,10
1165,2250,300,10
1166,2251,301,1
1167,2252,301,6
1168,2255,301,1
1169,2258,302,9
1170,2260,302,4
1171,2262,302,2
1172,2263,302,5
1173,2264,302,2
1174,2268,303,7
1175,2270,303,10
1176,2273,304,6
1177,2278,304,3
1178,2280,305,3
1179,2281,305,6
1180,2282,305,10
1181,2283,305,6
1182,2284,305,10
1183,2290,306,8
1184,2291,306,10
1185,2292,306,5
1186,2293,307,4
1187,2294,307,5
1188,2296,307,6
1189,2297,307,7
1190,2298,307,4
1191,2300,308,1
1192,2301,308,4
1193,2304,308,7
1194,2305,308,3
1195,2307,308,2
1196,2308,309,3
1197,2312,309,6
1198,2313,309,4
1199,2314,309,3
1200,2316,310,10
1201,2318,310,3
1202,2320,310,3
1203,2321,310,3
1204,2323,310,5
1205,2327,311,6
1206,2329,311,5
1207,2331,311,9
1208,2333,312,4
1209,2335,312,1
1210,2336,312,5
1211,2340,312,3
1212,2342,313,3
1213,2344,313,8
1214,2345,313,3
1215,2346,313,7
1216,2348,314,10
1217,2350,314,3
1218,2351,314,1
1219,2353,315,1
1220,2354,315,5
1221,2355,315,3
1222,2357,315,8
1223,2358,315,4
1224,2360,315,9
1225,2362,316,1
1226,2363,316,9
1227,2364,316,9
1228,2365,316,7
1229,2366,316,1
1230,2367,317,5
1231,2369,317,2
1232,2373,318,10
1233,2374,318,10
1234,2376,318,4
1235,2377,318,3
1236,2378,318,1
1237,2379,318,9
1238,2382,319,8
1239,2384,319,2
1240,2385,319,8
1241,2386,319,10
1242,2389,320,8
1243,2391,320,10
1244,2394,320,7
1245,2396,321,2
1246,2397,321,8
1247,2399,321,10
1248,2400,321,7
1249,2401,321,6
1250,2406,322,7
1251,2407,322,8
1252,2408,322,9
1253,2409,322,9
1254,2410,322,1
1255,2411,323,2
1256,2412,323,3
1257,2415,323,4
1258,2416,323,4
1259,2419,323,10
1260,2421,324,10
1261,2423,324,6
1262,2424,324,6
1263,2425,324,2
1264,2426,325,8
1265,2427,325,10
1266,2434,326,1
1267,2436,326,3
1268,2437,326,5
1269,2443,327,3
1270,2444,327,10
1271,2445,327,7
1272,2446,327,7
1273,2447,327,4
1274,2449,328,1
1275,2450,328,8
1276,2454,328,1
1277,2455,329,1
1278,2456,329,9
1279,2461,329,8
1280,2462,329,8
1281,2464,330,1
1282,2466,330,8
1283,2468,330,6
1284,2469,330,8
1285,2470,330,6
1286,2471,331,7
1287,2472,331,2
1288,2473,331,1
1289,2474,331,6
1290,2475,331,5
1291,2478,331,5
1292,2480,332,2
1293,2484,332,3
1294,2485,332,9
1295,2486,332,1
1296,2490,333,8
1297,2491,333,8
1298,2497,334,7
1299,2499,334,2
1300,2501,334,10
1301,2502,334,6
1302,2504,334,5
1303,2506,335,7
1304,2508,335,10
1305,2510,335,2
1306,2511,335,3
1307,2512,336,9
1308,2513,336,5
1309,2514,336,7
1310,2515,336,9
1311,2516,336,3
1312,2517,336,4
1313,2521,336,8
1314,2522,337,5
1315,2523,337,8
1316,2525,337,1
1317,2526,337,5
1318,2528,337,4
1319,2529,338,9
1320,2530,338,1
1321,2533,338,7
1322,2536,338,3
1323,2540,339,5
1324,2541,339,8
1325,2542,339,1
1326,2543,339,7
1327,2546,339,1
1328,2547,340,1
1329,2551,340,8
1330,2552,341,6
1331,2554,341,9
1332,2556,341,6
1333,2557,342,4
1334,2558,342,2
1335,2560,342,8
1336,2563,343,1
1337,2566,343,3
1338,2567,343,8
1339,2569,343,1
1340,2572,344,4
1341,2573,344,5
1342,2574,344,1
1343,2576,345,3
1344,2578,345,9
1345,2581,345,9
1346,2589,346,9
1347,2591,347,2
1348,2592,347,1
1349,2593,347,9
1350,2594,347,7
1351,2596,347,5
1352,2597,347,8
1353,2599,347,10
1354,2602,348,8
1355,2607,348,8
1356,2610,349,2
1357,2611,349,8
1358,2612,349,4
1359,2613,349,9
1360,2614,350,3
1361,2615,350,9
1362,2616,350,6
1363,2617,350,1
1364,2619,350,7
1365,2620,350,10
1366,2621,351,2
1367,2625,351,9
1368,2626,351,9
1369,2628,351,2
1370,2632,352,7
1371,2633,352,2
1372,2637,352,2
1373,2638,352,8
1374,2639,352,6
1375,2645,353,3
1376,2647,353,9
1377,2651,354,7
1378,2652,354,10
1379,2653,354,9
1380,2656,354,3
1381,2658,355,2
1382,2659,355,10
1383,2660,355,6
1384,2662,355,2
1385,2666,356,9
1386,2667,356,4
1387,2668,356,4
1388,2669,357,3
1389,2670,357,8
1390,2672,357,8
1391,2674,357,3
1392,2675,358,5
1393,2677,358,2
1394,2678,358,2
1395,2679,358,4
1396,2680,358,2
1397,2681,358,1
1398,2683,359,5
1399,2685,359,1
1400,2686,359,1
1401,2687,359,5
1402,2689,359,1
1403,2692,360,6
1404,2693,360,3
1405,2695,360,9
1406,2697,361,4
1407,2698,361,1
1408,2702,362,1
1409,2703,362,1
1410,2704,362,7
1411,2705,362,1
1412,2707,363,3
1413,2710,363,10
1414,2711,363,1
1415,2712,363,2
1416,2713,363,9
1417,2715,364,2
1418,2721,365,4
1419,2723,365,4
1420,2727,365,6
1421,2728,365,3
1422,2733,366,6
1423,2734,366,10
1424,2738,367,4
1425,2739,367,8
1426,2745,368,4
1427,2748,368,2
1428,2749,368,9
1429,2750,368,2
1430,2753,369,8
1431,2755,369,4
1432,2756,369,9
1433,2757,369,8
1434,2758,370,2
1435,2759,370,2
1436,2766,371,10
1437,2770,371,8
1438,2771,372,3
1439,2774,372,5
1440,2778,373,6
1441,2779,373,3
1442,2780,373,4
1443,2781,374,1
1444,2784,374,4
1445,2785,374,4
1446,2786,374,9
1447,2787,374,10
1448,2788,374,8
1449,2792,375,7
1450,2794,375,7
1451,2796,376,2
1452,2797,376,6
1453,2799,376,1
1454,2800,376,7
1455,2803,377,7
1456,2806,377,5
1457,2807,377,10
1458,2808,378,9
1459,2809,378,2
1460,2810,378,7
1461,2811,378,8
1462,2812,378,1
1463,2813,378,6
1464,2814,378,5
1465,2815,378,3
1466,2819,379,4
1467,2821,379,1
1468,2823,379,1
1469,2824,380,5
1470,2825,380,10
1471,2826,380,2
1472,2828,380,1
1473,2830,380,1
1474,2831,381,5
1475,2833,381,4
1476,2834,381,5
1477,2835,381,3
1478,2839,382,5
1479,2845,383,2
1480,2848,383,7
1481,2850,384,3
1482,2851,384,1
1483,2852,384,9
1484,2853,384,5
1485,2854,384,9
1486,2859,385,7
1487,2860,385,8
1488,2862,385,2
1489,2863,386,1
1490,2864,386,2
1491,2865,386,2
1492,2866,386,2
1493,2867,386,8
1494,2868,386,3
1495,2869,386,4
1496,2873,387,6
1497,2875,387,7
1498,2876,387,7
1499,2878,387,6
1500,2880,388,6
1501,2881,388,5
1502,2882,388,5
1503,2883,388,2
1504,2885,388,10
1505,2886,388,5
1506,2887,388,10
1507,2889,389,8
1508,2891,389,9
1509,2892,389,3
1510,2894,389,8
1511,2897,390,1
1512,2898,390,4
1513,2899,390,3
1514,2900,390,7
1515,2901,390,5
1516,2903,390,10
1517,2904,391,7
1518,2905,391,6
1519,2906,391,6
1520,2907,391,4
1521,2909,391,10
1522,2914,392,2
1523,2915,392,6
1524,2917,392,7
1525,2919,392,5
1526,2921,393,2
1527,2922,393,4
1528,2928,393,5
1529,2929,393,9
1530,2933,394,2
1531,2938,395,4
1532,2939,395,2
1533,2940,395,7
1534,2948,396,9
1535,2949,396,7
1536,2951,396,2
1537,2954,397,8
1538,2955,397,3
1539,2956,397,9
1540,2963,398,10
1541,2965,398,4
1542,2967,399,3
1543,2972,399,8
1544,2973,399,7
1545,2975,400,3
1546,2979,400,3
1547,2980,400,6
1548,2981,401,10
1549,2983,401,4
1550,2984,401,4
1551,2986,401,2
1552,2988,402,1
1553,2989,402,3
1554,2991,402,10
1555,2993,402,4
1556,2996,403,1
1557,2998,403,8
1558,3002,403,2
1559,3003,403,6
1560,3005,404,8
1561,3006,404,4
1562,3008,404,8
1563,3009,404,5
1564,3012,405,6
1565,3016,405,3
1566,3017,405,1
1567,3020,406,7
1568,3022,406,9
1569,3024,406,2
1570,3025,406,3
1571,3026,406,6
1572,3031,407,7
1573,3032,407,4
1574,3034,408,7
1575,3037,408,9
1576,3038,408,2
1577,3039,409,7
1578,3041,409,10
1579,3042,409,3
1580,3043,409,2
1581,3047,409,1
1582,3050,410,2
1583,3052,410,8
1584,3054,410,10
1585,3055,410,10
1586,3056,411,8
1587,3058,411,9
1588,3060,411,9
1589,3061,412,4
1590,3063,412,10
1591,3065,412,5
1592,3066,412,7
1593,3067,412,1
1594,3073,413,10
1595,3076,414,9
1596,3078,414,2
1597,3079,414,5
1598,3083,415,5
1599,3085,415,9
1600,3086,416,10
1601,3089,416,10
1602,3090,416,8
1603,3091,416,5
1604,3093,417,6
1605,3095,417,4
1606,3099,417,9
1607,3100,417,2
1608,3101,418,6
1609,3104,418,6
1610,3106,418,1
1611,3108,418,9
1612,3109,418,4
1613,3110,418,7
1614,3113,419,4
1615,3115,419,3
1616,3121,420,9
1617,3122,421,1
1618,3124,421,5
1619,3125,421,7
1620,3126,421,2
1621,3128,421,8
1622,3129,422,3
1623,3131,422,5
1624,3132,422,9
1625,3134,422,6
1626,3135,422,7
1627,3136,422,7
1628,3140,423,1
1629,3142,423,1
1630,3143,423,2
1631,3144,423,7
1632,3145,423,10
1633,3146,423,2
1634,3147,423,9
1635,3148,423,2
1636,3149,424,9
1637,3152,424,3
1638,3153,424,3
1639,3157,425,1
1640,3158,425,2
1641,3164,426,5
1642,3166,426,9
1643,3169,427,8
1644,3171,427,6
1645,3172,427,9
1646,3173,427,7
1647,3174,427,5
1648,3175,427,5
1649,3176,428,2
1650,3177,428,3
1651,3178,428,3
1652,3179,428,6
1653,3180,428,8
1654,3183,429,1
1655,3184,429,7
1656,3186,429,2
1657,3188,429,9
1658,3190,430,8
1659,3191,430,8
1660,3194,430,5
1661,3195,430,2
1662,3196,431,7
1663,3198,431,9
1664,3199,431,10
1665,3202,431,9
1666,3203,431,1
1667,3205,432,1
1668,3206,432,6
1669,3208,432,3
1670,3209,432,1
1671,3210,433,6
1672,3212,433,7
1673,3213,433,9
1674,3214,433,4
1675,3215,433,8
1676,3216,434,1
1677,3217,434,6
1678,3218,434,3
1679,3219,434,5
1680,3220,434,7
1681,3221,435,5
1682,3222,435,8
1683,3226,435,9
1684,3228,436,6
1685,3233,436,10
1686,3235,436,3
1687,3236,436,10
1688,3238,437,8
1689,3239,437,3
1690,3241,437,5
1691,3242,437,9
1692,3243,437,4
1693,3244,438,2
1694,3250,439,8
1695,3251,439,8
1696,3253,439,6
1697,3254,439,8
1698,3257,439,6
1699,3258,439,2
1700,3260,440,8
1701,3264,440,3
1702,3269,441,9
1703,3271,441,4
1704,3272,442,5
1705,3274,442,2
1706,3275,442,2
1707,3276,442,8
1708,3278,442,4
1709,3279,442,1
1710,3282,443,8
1711,3283,443,2
1712,3288,443,10
1713,3289,444,8
1714,3290,444,10
1715,3291,444,7
1716,3292,444,6
1717,3293,444,8
1718,3294,444,3
1719,3295,444,8
1720,3299,445,7
1721,3300,445,2
1722,3301,445,5
1723,3302,445,9
1724,3303,445,10
1725,3305,445,2
1726,3306,445,5
1727,3307,446,8
1728,3311,446,3
1729,3314,446,5
1730,3317,447,8
1731,3319,447,8
1732,3321,447,10
1733,3322,448,8
1734,3323,448,9
1735,3324,448,6
1736,3325,448,5
1737,3326,448,6
1738,3327,448,7
1739,3328,448,5
1740,3330,449,9
1741,3332,449,7
1742,3334,449,9
1743,3335,450,6
1744,3337,450,3
1745,3338,450,6
1746,3340,450,1
1747,3342,450,7
1748,3343,450,2
1749,3344,450,3
1750,3346,451,3
1751,3347,451,10
1752,3349,451,10
1753,3359,452,6
1754,3363,453,5
1755,3365,453,10
1756,3367,453,4
1757,3368,453,7
1758,3373,454,9
1759,3376,454,8
1760,3379,455,5
1761,3384,455,6
1762,3389,456,1
1763,3394,457,3
1764,3395,457,9
1765,3396,457,2
1766,3397,457,8
1767,3398,457,3
1768,3401,458,1
1769,3402,458,4
1770,3404,458,2
1771,3406,459,6
1772,3407,459,8
1773,3408,459,5
1774,3409,459,7
1775,3411,459,2
1776,3413,459,2
1777,3414,460,10
1778,3415,460,4
1779,3416,460,6
1780,3417,460,9
1781,3419,460,8
1782,3420,460,9
1783,3426,461,2
1784,3428,462,8
1785,3430,462,7
1786,3431,462,2
1787,3434,463,5
1788,3435,463,7
1789,3442,464,1
1790,3443,464,9
1791,3445,465,7
1792,3447,465,1
1793,3448,465,2
1794,3452,466,8
1795,3453,466,6
1796,3456,466,5
1797,3459,466,10
1798,3462,467,1
1799,3464,467,1
1800,3465,467,6
1801,3467,468,7
1802,3468,468,3
1803,3470,468,10
1804,3473,468,5
1805,3475,468,7
1806,3476,468,10
1807,3480,469,2
1808,3481,469,2
1809,3482,469,6
1810,3483,469,7
1811,3488,470,8
1812,3490,471,10
1813,3492,471,4
1814,3494,471,7
1815,3495,471,3
1816,3498,472,9
1817,3503,472,2
1818,3506,472,9
1819,3508,473,9
1820,3509,473,1
1821,3511,473,3
1822,3512,474,9
1823,3513,474,9
1824,3517,474,3
1825,3518,475,10
1826,3520,475,6
1827,3523,475,10
1828,3524,475,3
1829,3529,476,5
1830,3530,476,4
1831,3532,476,9
1832,3535,477,3
1833,3536,477,2
1834,3537,477,4
1835,3539,477,6
1836,3540,477,5
1837,3541,478,1
1838,3544,478,9
1839,3547,479,2
1840,3548,479,8
1841,3552,479,6
1842,3554,480,8
1843,3555,480,4
1844,3556,480,10
1845,3560,481,8
1846,3562,481,6
1847,3563,481,2
1848,3567,482,9
1849,3569,482,4
1850,3572,482,4
1851,3573,482,10
1852,3575,483,3
1853,3576,483,9
1854,3580,483,10
1855,3581,483,2
1856,3582,483,1
1857,3584,484,10
1858,3586,484,7
1859,3587,484,4
1860,3591,485,10
1861,3593,485,1
1862,3599,486,8
1863,3604,486,7
1864,3607,487,10
1865,3611,487,3
1866,3615,488,10
1867,3616,488,9
1868,3622,489,6
1869,3625,489,1
1870,3628,490,10
1871,3631,490,3
1872,3632,491,8
1873,3634,491,10
1874,3635,491,1
1875,3638,491,9
1876,3639,491,9
1877,3640,492,5
1878,3642,492,2
1879,3643,492,3
1880,3646,492,10
1881,3648,493,2
1882,3650,493,7
1883,3651,493,9
1884,3654,494,5
1885,3657,494,2
1886,3659,494,4
1887,3660,494,8
1888,3663,495,3
1889,3664,495,5
1890,3665,495,9
1891,3666,495,2
1892,3667,495,1
1893,3668,495,2
1894,3669,496,7
1895,3670,496,5
1896,3674,496,9
1897,3675,496,9
1898,3679,497,2
1899,3680,497,1
1900,3681,497,1
1901,3683,497,8
1902,3684,497,2
1903,3687,497,4
1904,3692,498,7
1905,3693,498,2
1906,3694,498,7
1907,3695,499,7
1908,3696,499,3
1909,3697,499,5
1910,3698,499,1
1911,3699,499,10
1912,3700,499,8
1913,3702,500,2
1914,3703,500,9
1915,3705,500,8
1916,3706,500,6
1917,3707,500,3
1918,3711,501,5
1919,3712,501,8
1920,3714,501,2
1921,3715,501,10
1922,3717,501,10
1923,3719,502,8
1924,3720,502,1
1925,3721,502,5
1926,3722,502,8
1927,3723,502,9
1928,3725,502,2
1929,3728,502,7
1930,3729,503,4
1931,3732,503,10
1932,3734,503,4
1933,3740,504,9
1934,3741,504,2
1935,3743,505,2
1936,3746,505,7
1937,3749,505,9
1938,3751,505,2
1939,3753,506,8
1940,3755,506,1
1941,3756,506,4
1942,3759,506,6
1943,3761,507,2
1944,3765,507,2
1945,3766,507,7
1946,3769,507,1
1947,3770,508,8
1948,3772,508,1
1949,3773,508,6
1950,3774,508,2
1951,3775,508,8
1952,3785,509,7
1953,3786,510,2
1954,3790,510,4
1955,3791,510,1
1956,3792,510,2
1957,3794,511,6
1958,3795,511,9
1959,3796,511,1
1960,3803,512,9
1961,3805,512,10
1962,3809,512,7
1963,3814,513,9
1964,3815,513,7
1965,3816,514,1
1966,3818,514,3
1967,3820,514,1
1968,3821,514,9
1969,3822,514,4
1970,3823,514,3
1971,3824,515,2
1972,3825,515,5
1973,3826,515,9
1974,3829,515,5
1975,3830,515,1
1976,3831,515,8
1977,3832,516,2
1978,3833,516,7
1979,3836,516,7
1980,3837,516,5
1981,3843,517,5
1982,3844,518,10
1983,3855,519,10
1984,3856,519,8
1985,3857,519,1
1986,3859,519,9
1987,3861,520,1
1988,3863,520,6
1989,3866,520,8
1990,3868,520,7
1991,3869,520,8
1992,3870,520,9
1993,3874,521,2
1994,3875,521,3
1995,3876,521,6
1996,3877,521,6
1997,3879,522,1
1998,3880,522,3
1999,3882,522,7
2000,3883,522,2
2001,3885,522,5
2002,3886,522,7
2003,3887,523,7
2004,3888,523,7
2005,3891,523,7
2006,3894,524,4
2007,3895,524,1
2008,3896,524,6
2009,3897,524,9
2010,3898,524,7
2011,3899,524,8
2012,3900,525,3
2013,3901,525,10
2014,3902,525,6
2015,3903,525,6
2016,3904,525,3
2017,3908,526,7
2018,3909,526,9
2019,3911,527,4
2020,3915,527,4
2021,3916,527,3
2022,3917,527,1
2023,3918,528,6
2024,3919,528,9
2025,3920,528,6
2026,3925,528,5
2027,3926,528,8
2028,3927,529,6
2029,3929,529,1
2030,3932,529,4
2031,3934,529,6
2032,3935,529,6
2033,3937,530,9
2034,3938,530,2
2035,3939,530,2
2036,3943,530,7
2037,3945,531,10
2038,3948,531,7
2039,3953,532,4
2040,3956,532,7
2041,3957,532,5
2042,3959,532,2
2043,3961,533,9
2044,3962,533,3
2045,3963,533,6
2046,3964,533,7
2047,3965,534,7
2048,3966,534,6
2049,3967,534,5
2050,3968,534,8
2051,3971,535,10
2052,3973,535,8
2053,3976,535,1
2054,3978,535,8
2055,3979,536,1
2056,3980,536,6
2057,3981,536,1
2058,3983,536,7
2059,3989,537,4
2060,3990,537,9
2061,3992,538,9
2062,3993,538,6
2063,3995,538,7
2064,3996,538,9
2065,4002,539,7
2066,4008,540,7
2067,4009,540,10
2068,4012,540,5
2069,4013,540,2
2070,4014,540,9
2071,4015,541,9
2072,4016,541,7
2073,4018,541,4
2074,4019,541,5
2075,4020,542,2
2076,4023,542,1
2077,4024,542,2
2078,4025,542,2
2079,4026,542,7
2080,4027,543,1
2081,4032,543,6
2082,4035,543,8
2083,4037,544,10
2084,4038,544,4
2085,4040,544,9
2086,4042,545,6
2087,4044,545,6
2088,4045,545,10
2089,4047,545,2
2090,4051,546,7
2091,4052,546,7
2092,4054,546,7
2093,4061,547,10
2094,4065,548,5
2095,4066,548,3
2096,4068,549,10
2097,4071,549,2
2098,4076,550,7
2099,4079,550,6
2100,4081,551,7
2101,4082,551,7
2102,4088,552,4
2103,4090,552,9
2104,4091,552,3
2105,4092,552,6
2106,4095,553,1
2107,4096,553,1
2108,4098,553,5
2109,4100,553,10
2110,4105,554,8
2111,4107,554,7
2112,4109,554,9
2113,4112,555,5
2114,4113,555,3
2115,4114,555,4
2116,4115,555,8
2117,4118,556,1
2118,4120,556,10
2119,4121,556,5
2120,4122,556,5
2121,4124,557,9
2122,4127,557,2
2123,4129,557,2
2124,4130,557,9
2125,4131,557,9
2126,4132,557,10
2127,4135,558,1
2128,4138,558,1
2129,4140,558,7
2130,4143,559,1
2131,4146,559,1
2132,4147,559,8
2133,4150,560,8
2134,4151,560,4
2135,4152,560,9
2136,4153,560,3
2137,4155,560,10
2138,4158,561,9
2139,4160,561,5
2140,4161,562,3
2141,4162,562,7
2142,4163,562,3
2143,4164,562,7
2144,4165,562,2
2145,4168,563,7
2146,4170,563,3
2147,4171,563,6
2148,4173,563,1
2149,4175,564,4
2150,4178,564,7
2151,4179,564,5
2152,4181,565,7
2153,4182,565,10
2154,4183,565,2
2155,4184,565,10
2156,4185,566,9
2157,4188,566,8
2158,4192,567,3
2159,4193,567,8
2160,4201,568,10
2161,4202,568,9
2162,4204,569,6
2163,4207,569,7
2164,4208,569,2
2165,4209,570,8
2166,4210,570,9
2167,4212,570,6
2168,4213,570,6
2169,4215,570,10
2170,4216,570,9
2171,4220,571,4
2172,4225,571,6
2173,4226,571,1
2174,4227,571,2
2175,4230,572,8
2176,4233,572,1
2177,4234,572,6
2178,4237,573,9
2179,4239,573,1
2180,4240,573,1
2181,4241,574,1
2182,4242,574,7
2183,4243,574,4
2184,4245,574,9
2185,4246,574,1
2186,4249,575,2
2187,4251,575,5
2188,4254,575,5
2189,4259,576,10
2190,4260,576,10
2191,4264,577,5
2192,4265,577,9
2193,4270,577,2
2194,4271,577,2
2195,4273,578,9
2196,4276,578,1
2197,4279,579,6
2198,4282,579,8
2199,4283,579,1
2200,4289,580,4
2201,4291,581,1
2202,4293,581,4
2203,4294,581,9
2204,4296,581,3
2205,4298,581,4
2206,4299,581,5
2207,4301,582,1
2208,4302,582,2
2209,4303,582,5
2210,4307,583,10
2211,4308,583,1
2212,4310,583,8
2213,4312,583,5
2214,4314,583,9
2215,4315,584,10
2216,4317,584,3
2217,4320,584,4
2218,4321,584,3
2219,4322,584,1
2220,4323,584,5
2221,4329,585,7
2222,4331,586,5
2223,4332,586,1
2224,4333,586,1
2225,4335,586,6
2226,4338,586,8
2227,4339,587,2
2228,4340,587,6
2229,4342,587,6
2230,4343,587,3
2231,4345,587,3
2232,4348,587,5
2233,4349,588,4
2234,4350,588,5
2235,4354,588,3
2236,4355,589,5
2237,4356,589,5
2238,4357,589,8
2239,4358,589,9
2240,4359,589,8
2241,4360,589,5
2242,4363,589,9
2243,4365,590,4
2244,4366,590,2
2245,4367,590,10
2246,4368,590,4
2247,4369,590,6
2248,4371,591,5
2249,4372,591,3
2250,4375,591,1
2251,4376,591,3
2252,4378,592,8
2253,4379,592,1
2254,4383,593,7
2255,4385,593,6
2256,4388,593,8
2257,4389,593,3
2258,4391,594,8
2259,4392,594,7
2260,4393,594,2
2261,4395,595,8
2262,4398,595,9
2263,4401,596,1
2264,4402,596,7
2265,4403,596,6
2266,4405,596,9
2267,4406,596,6
2268,4407,596,1
2269,4410,597,7
2270,4411,597,1
2271,4412,597,4
2272,4413,597,2
2273,4414,597,1
2274,4415,598,4
2275,4417,598,4
2276,4418,598,2
2277,4419,598,9
2278,4421,598,3
2279,4422,598,10
2280,4427,599,9
2281,4428,599,9
2282,4431,600,9
2283,4432,600,4
2284,4434,600,4
2285,4437,600,3
2286,4438,601,5
2287,4440,601,7
2288,4441,601,9
2289,4442,601,4
2290,4444,601,9
2291,4447,602,1
2292,4448,602,7
2293,4450,603,8
2294,4453,603,2
2295,4455,603,10
2296,4456,603,3
2297,4457,603,1
2298,4458,604,10
2299,4460,604,9
2300,4464,604,1
2301,4467,605,2
2302,4469,605,1
2303,4470,605,9
2304,4471,606,4
2305,4472,606,2
2306,4474,606,7
2307,4476,606,7
2308,4479,607,6
2309,4480,607,3
2310,4481,607,7
2311,4485,607,3
2312,4486,607,3
2313,4487,607,1
2314,4492,608,8
2315,4497,609,7
2316,4504,610,5
2317,4505,610,10
2318,4507,610,7
2319,4512,611,1
2320,4513,611,5
2321,4515,611,7
2322,4516,611,3
2323,4517,611,9
2324,4518,611,2
2325,4521,612,10
2326,4523,612,6
2327,4527,613,5
2328,4529,613,5
2329,4530,613,2
2330,4531,613,6
2331,4534,614,6
2332,4536,614,1
2333,4538,614,7
2334,4540,614,9
2335,4541,615,8
2336,4545,615,7
2337,4548,615,7
2338,4549,615,10
2339,4550,616,8
2340,4551,616,7
2341,4555,616,7
2342,4556,616,5
2343,4558,617,6
2344,4559,617,10
2345,4561,617,4
2346,4562,617,7
2347,4563,617,8
2348,4565,617,9
2349,4566,618,7
2350,4567,618,6
2351,4570,618,3
2352,4571,618,4
2353,4574,618,7
2354,4578,619,4
2355,4583,619,10
2356,4585,619,7
2357,4586,620,7
2358,4587,620,3
2359,4589,620,10
2360,4590,620,3
2361,4591,620,4
2362,4592,620,4
2363,4594,620,5
2364,4595,621,3
2365,4597,621,8
2366,4598,621,6
2367,4601,621,4
2368,4602,621,10
2369,4603,622,2
2370,4605,622,8
2371,4606,622,9
2372,4607,622,9
2373,4608,623,7
2374,4609,623,3
2375,4610,623,1
2376,4612,623,5
2377,4616,624,3
2378,4617,624,1
2379,4618,624,1
2380,4619,624,1
2381,4621,624,9
2382,4622,625,5
2383,4623,625,8
2384,4626,625,7
2385,4629,626,4
2386,4632,626,6
2387,4633,626,6
2388,4637,627,2
2389,4638,627,1
2390,4641,627,7
2391,4643,628,10
2392,4644,628,7
2393,4646,628,10
2394,4647,628,5
2395,4648,628,2
2396,4652,629,10
2397,4654,629,3
2398,4656,630,2
2399,4660,630,5
2400,4661,630,10
2401,4663,630,10
2402,4664,631,7
2403,4668,631,7
2404,4672,631,1
2405,4673,631,8
2406,4674,632,2
2407,4678,632,6
2408,4679,632,9
2409,4681,633,9
2410,4682,633,3
2411,4684,633,7
2412,4689,634,4
2413,4690,634,7
2414,4692,634,5
2415,4693,634,3
2416,4696,635,9
2417,4698,635,8
2418,4701,636,10
2419,4702,636,6
2420,4703,636,1
2421,4704,636,8
2422,4708,637,8
2423,4709,637,1
2424,4712,637,6
2425,4716,637,8
2426,4718,638,8
2427,4720,638,10
2428,4722,639,7
2429,4724,639,8
2430,4725,639,3
2431,4727,639,3
2432,4728,639,5
2433,4734,640,3
2434,4735,641,5
2435,4736,641,5
2436,4737,641,6
2437,4738,641,6
2438,4739,641,7
2439,4744,642,1
2440,4747,642,9
2441,4748,642,6
2442,4750,643,8
2443,4751,643,2
2444,4754,643,2
2445,4758,644,6
2446,4759,644,10
2447,4762,644,1
2448,4764,645,3
2449,4765,645,6
2450,4767,645,2
2451,4768,645,5
2452,4769,645,4
2453,4770,645,9
2454,4771,645,5
2455,4773,645,6
2456,4774,646,8
2457,4778,646,1
2458,4780,646,8
2459,4781,646,2
2460,4786,647,10
2461,4789,647,6
2462,4792,647,1
2463,4794,648,10
2464,4795,648,8
2465,4797,648,5
2466,4798,648,8
2467,4800,648,10
2468,4801,648,3
2469,4803,649,3
2470,4804,649,8
2471,4806,649,9
2472,4807,649,8
2473,4809,650,5
2474,4810,650,3
2475,4811,650,4
2476,4815,650,1
2477,4816,650,5
2478,4819,651,6
2479,4825,652,10
2480,4828,652,1
2481,4829,652,8
2482,4831,653,4
2483,4832,653,9
2484,4833,653,10
2485,4835,653,2
2486,4843,654,4
2487,4844,654,5
2488,4850,655,2
2489,4854,655,9
2490,4860,656,2
2491,4864,657,9
2492,4865,657,6
2493,4868,657,2
2494,4869,658,4
2495,4870,658,4
2496,4873,658,3
2497,4875,658,3
2498,4876,658,7
2499,4877,658,5
2500,4878,659,1
2501,4880,659,9
2502,4883,659,2
2503,4884,659,1
2504,4885,659,8
2505,4889,660,7
2506,4890,660,6
2507,4892,660,4
2508,4893,660,4
2509,4895,660,2
2510,4896,660,2
2511,4900,661,3
2512,4901,661,4
2513,4904,662,10
2514,4906,662,8
2515,4911,663,3
2516,4912,663,9
2517,4913,663,10
2518,4914,663,7
2519,4916,663,5
2520,4918,664,4
2521,4919,664,4
2522,4926,665,8
2523,4931,665,6
2524,4932,666,6
2525,4938,667,9
2526,4939,667,7
2527,4940,667,1
2528,4942,667,5
2529,4943,667,7
2530,4946,668,2
2531,4947,668,4
2532,4948,668,9
2533,4957,669,7
2534,4958,669,7
2535,4960,670,8
2536,4961,670,1
2537,4962,670,9
2538,4963,670,9
2539,4964,670,5
2540,4965,670,4
2541,4967,670,2
2542,4970,671,6
2543,4971,671,2
2544,4972,671,8
2545,4973,671,7
2546,4976,671,4
2547,4977,671,3
2548,4978,671,1
2549,4981,672,1
2550,4982,672,1
2551,4984,672,6
2552,4985,673,7
2553,4986,673,3
2554,4987,673,5
2555,4988,673,9
2556,4990,674,6
2557,4992,674,1
2558,4993,674,1
2559,4994,674,4
2560,4998,674,6
2561,4999,674,10
2562,5002,675,10
2563,5003,675,5
2564,5004,675,6
2565,5005,675,4
2566,5007,676,2
2567,5008,676,7
2568,5011,676,3
2569,5012,676,5
2570,5014,676,6
2571,5015,676,8
2572,5018,677,5
2573,5019,677,9
2574,5020,677,10
2575,5021,677,10
2576,5023,678,5
2577,5024,678,4
2578,5027,678,5
2579,5028,678,10
2580,5030,678,7
2581,5034,679,9
2582,5035,679,1
2583,5036,679,8
2584,5038,679,4
2585,5040,679,8
2586,5045,680,8
2587,5047,680,4
2588,5057,681,9
2589,5059,681,6
2590,5061,682,3
2591,5063,682,9
2592,5064,682,10
2593,5066,682,2
2594,5067,682,10
2595,5069,682,3
2596,5072,683,10
2597,5073,683,7
2598,5077,684,1
2599,5079,684,1
2600,5082,684,9
2601,5084,684,10
2602,5085,685,1
2603,5086,685,3
2604,5088,685,2
2605,5090,685,3
2606,5095,686,5
2607,5096,686,5
2608,5098,687,2
2609,5100,687,2
2610,5101,687,7
2611,5103,687,2
2612,5104,687,8
2613,5107,688,2
2614,5108,688,2
2615,5109,688,6
2616,5110,688,9
2617,5111,688,7
2618,5117,689,1
2619,5119,689,3
2620,5120,689,10
2621,5121,689,3
2622,5122,689,8
2623,5123,689,8
2624,5124,690,2
2625,5125,690,6
2626,5127,690,8
2627,5132,691,7
2628,5134,691,10
2629,5135,691,4
2630,5136,691,8
2631,5140,692,3
2632,5143,692,1
2633,5146,693,1
2634,5147,693,10
2635,5151,694,9
2636,5153,694,10
2637,5155,695,3
2638,5156,695,2
2639,5157,695,9
2640,5158,695,3
2641,5161,695,1
2642,5163,695,4
2643,5165,696,7
2644,5167,696,2
2645,5168,696,8
2646,5170,696,10
2647,5171,696,9
2648,5176,697,8
2649,5178,697,1
2650,5179,697,1
2651,5181,697,1
2652,5183,698,7
2653,5188,698,6
2654,5189,698,4
2655,5191,699,3
2656,5192,699,5
2657,5194,699,8
2658,5195,700,10
2659,5196,700,10
2660,5200,700,10
2661,5201,701,4
2662,5202,701,1
2663,5206,702,8
2664,5207,702,3
2665,5208,702,7
2666,5211,702,2
2667,5215,702,7
2668,5217,703,6
2669,5218,703,5
2670,5220,703,10
2671,5221,704,7
2672,5223,704,9
2673,5224,704,10
2674,5225,704,4
2675,5226,704,8
2676,5227,704,4
2677,5229,705,2
2678,5233,705,5
2679,5234,706,6
2680,5236,706,5
2681,5237,706,8
2682,5239,706,8
2683,5241,706,7
2684,5242,706,7
2685,5243,706,5
2686,5244,707,7
2687,5245,707,9
2688,5246,707,7
2689,5247,707,1
2690,5251,708,6
2691,5252,708,6
2692,5263,709,5
2693,5265,709,5
2694,5266,709,10
2695,5268,710,4
2696,5271,710,5
2697,5272,710,6
2698,5273,711,10
2699,5275,711,5
2700,5276,711,9
2701,5278,711,3
2702,5282,712,3
2703,5283,712,10
2704,5284,713,9
2705,5286,713,8
2706,5287,713,6
2707,5289,713,7
2708,5293,714,2
2709,5296,714,4
2710,5299,714,7
2711,5302,715,3
2712,5303,715,8
2713,5304,715,4
2714,5305,715,9
2715,5306,716,3
2716,5307,716,8
2717,5308,716,8
2718,5309,716,2
2719,5310,716,1
2720,5311,717,1
2721,5312,717,3
2722,5313,717,3
2723,5315,717,3
2724,5318,717,2
2725,5321,718,5
2726,5324,718,7
2727,5325,718,2
2728,5328,719,5
2729,5329,719,7
2730,5330,719,10
2731,5331,719,10
2732,5332,720,9
2733,5333,720,6
2734,5334,720,1
2735,5336,720,6
2736,5338,720,10
2737,5340,721,10
2738,5342,721,6
2739,5343,721,8
2740,5344,722,9
2741,5349,722,3
2742,5353,723,6
2743,5355,723,8
2744,5358,724,6
2745,5359,724,5
2746,5360,724,10
2747,5362,724,3
2748,5363,725,6
2749,5364,725,7
2750,5365,725,5
2751,5366,725,10
2752,5367,725,6
2753,5368,726,6
2754,5371,726,8
2755,5372,726,9
2756,5373,726,1
2757,5374,726,10
2758,5375,726,9
2759,5380,727,3
2760,5382,728,10
2761,5383,728,1
2762,5385,728,5
2763,5386,728,8
2764,5390,729,1
2765,5392,729,7
2766,5393,729,2
2767,5395,730,1
2768,5397,730,7
2769,5398,730,2
2770,5401,730,5
2771,5405,731,7
2772,5406,731,10
2773,5408,731,7
2774,5409,731,4
2775,5413,732,1
2776,5420,733,10
2777,5422,733,7
2778,5423,733,3
2779,5427,734,10
2780,5428,734,4
2781,5430,734,2
2782,5432,734,4
2783,5433,734,2
2784,5434,735,7
2785,5436,735,3
2786,5438,735,3
2787,5439,735,1
2788,5440,735,8
2789,5441,735,3
2790,5442,735,5
2791,5443,735,5
2792,5445,736,8
2793,5447,736,8
2794,5451,736,8
2795,5452,737,1
2796,5453,737,2
2797,5454,737,6
2798,5458,738,9
2799,5466,739,10
2800,5468,739,3
2801,5470,739,1
2802,5471,739,9
2803,5472,739,9
2804,5473,740,9
2805,5476,740,4
2806,5478,740,8
2807,5483,741,8
2808,5484,741,1
2809,5490,742,8
2810,5492,742,6
2811,5495,742,1
2812,5496,743,5
2813,5501,743,3
2814,5504,744,4
2815,5508,744,9
2816,5509,744,3
2817,5511,745,10
2818,5513,745,3
2819,5514,745,7
2820,5515,745,5
2821,5517,746,4
2822,5519,746,2
2823,5521,746,4
2824,5524,747,1
2825,5526,747,5
2826,5528,747,7
2827,5529,747,4
2828,5532,748,4
2829,5533,748,9
2830,5534,748,3
2831,5535,748,4
2832,5538,749,2
2833,5540,749,3
2834,5543,749,9
2835,5546,749,10
2836,5547,749,6
2837,5548,750,8
2838,5549,750,7
2839,5553,750,3
2840,5554,751,7
2841,5555,751,8
2842,5558,751,1
2843,5560,751,1
2844,5563,752,4
2845,5564,752,4
2846,5565,752,8
2847,5569,753,6
2848,5570,753,1
2849,5574,753,5
2850,5575,753,10
2851,5577,753,8
2852,5581,754,8
2853,5583,754,9
2854,5584,754,7
2855,5585,754,5
2856,5586,755,6
2857,5589,755,8
2858,5593,756,2
2859,5594,756,6
2860,5595,756,7
2861,5597,756,1
2862,5598,756,8
2863,5601,757,9
2864,5602,757,9
2865,5604,757,5
2866,5607,758,4
2867,5608,758,10
2868,5612,759,5
2869,5613,759,9
2870,5619,760,2
2871,5620,760,5
2872,5623,760,7
2873,5624,761,5
2874,5625,761,9
2875,5629,761,10
2876,5630,761,9
2877,5631,761,10
2878,5632,762,2
2879,5634,762,3
2880,5637,762,10
2881,5638,762,10
2882,5639,763,2
2883,5640,763,7
2884,5642,763,7
2885,5643,763,8
2886,5645,763,7
2887,5648,764,1
2888,5649,764,6
2889,5650,764,8
2890,5651,764,7
2891,5654,764,4
2892,5655,765,1
2893,5660,765,1
2894,5662,765,8
2895,5663,766,3
2896,5664,766,6
2897,5665,766,2
2898,5670,766,6
2899,5671,766,1
2900,5672,766,5
2901,5675,767,3
2902,5676,767,2
2903,5677,767,2
2904,5679,767,5
2905,5683,768,4
2906,5685,768,7
2907,5688,768,3
2908,5691,769,1
2909,5694,770,4
2910,5695,770,5
2911,5698,770,3
2912,5700,770,7
2913,5701,770,9
2914,5702,770,10
2915,5703,771,6
2916,5707,771,3
2917,5709,771,5
2918,5711,771,2
2919,5712,771,4
2920,5715,772,5
2921,5719,773,6
2922,5721,773,7
2923,5722,773,10
2924,5723,773,6
2925,5728,774,9
2926,5733,775,5
2927,5734,775,5
2928,5737,775,8
2929,5744,776,1
2930,5745,776,1
2931,5749,777,5
2932,5752,778,1
2933,5753,778,1
2934,5754,778,9
2935,5759,778,2
2936,5760,779,4
2937,5761,779,7
2938,5762,779,2
2939,5763,779,3
2940,5764,779,7
2941,5765,779,8
2942,5766,779,6
2943,5768,779,5
2944,5770,780,2
2945,5771,780,3
2946,5772,780,5
2947,5774,780,2
2948,5775,780,7
2949,5778,780,5
2950,5780,781,7
2951,5788,782,3
2952,5789,782,6
2953,5790,782,7
2954,5791,782,10
2955,5792,782,5
2956,5793,782,2
2957,5794,782,2
2958,5795,783,4
2959,5796,783,9
2960,5798,783,7
2961,5801,783,1
2962,5803,783,2
2963,5804,784,7
2964,5805,784,6
2965,5806,784,7
2966,5808,784,6
2967,5810,784,7
2968,5812,784,6
2969,5815,785,5
2970,5816,785,2
2971,5818,786,4
2972,5819,786,7
2973,5821,786,1
2974,5823,786,4
2975,5824,787,3
2976,5825,787,6
2977,5826,787,2
2978,5829,788,8
2979,5830,788,5
2980,5832,788,2
2981,5835,789,2
2982,5837,789,9
2983,5838,789,6
2984,5839,789,2
2985,5841,790,8
2986,5843,790,1
2987,5844,790,4
2988,5845,790,7
2989,5847,790,2
2990,5849,791,4
2991,5850,791,1
2992,5853,791,7
2993,5855,791,10
2994,5856,792,1
2995,5858,792,9
2996,5859,792,1
2997,5860,792,3
2998,5861,792,6
2999,5865,793,1
3000,5866,793,2
3001,5867,793,7
3002,5868,793,7
3003,5871,793,5
3004,5872,793,4
3005,5875,794,1
3006,5877,794,1
3007,5878,794,5
3008,5879,795,2
3009,5880,795,9
3010,5885,795,4
3011,5887,796,2
3012,5888,796,2
3013,5889,796,10
3014,5892,797,5
3015,5893,797,8
3016,5895,797,3
3017,5899,797,1
3018,5901,798,1
3019,5902,798,7
3020,5906,799,9
3021,5913,799,2
3022,5914,799,8
3023,5916,800,7
3024,5917,800,1
3025,5918,800,6
3026,5919,800,2
3027,5920,800,1
3028,5921,800,1
3029,5927,801,8
3030,5930,802,7
3031,5931,802,10
3032,5932,802,10
3033,5933,802,7
3034,5934,802,1
3035,5935,802,9
3036,5936,802,10
3037,5938,802,8
3038,5939,803,3
3039,5941,803,10
3040,5943,803,9
3041,5944,803,3
3042,5946,803,9
3043,5947,803,9
3044,5949,804,10
3045,5952,804,8
3046,5959,805,10
3047,5962,805,5
3048,5963,805,10
3049,5966,806,7
3050,5967,806,1
3051,5969,806,5
3052,5971,806,9
3053,5972,806,5
3054,5973,806,9
3055,5974,807,4
3056,5978,807,8
3057,5979,807,7
3058,5980,807,6
3059,5983,808,7
3060,5985,808,8
3061,5987,809,9
3062,5988,809,3
3063,5990,809,9
3064,5991,809,4
3065,5994,809,3
3066,5997,810,6
3067,5998,810,8
3068,5999,810,6
3069,6004,810,2
3070,6006,811,8
3071,6007,811,5
3072,6008,811,9
3073,6011,811,10
3074,6012,811,2
3075,6013,811,8
3076,6015,812,2
3077,6018,812,10
3078,6019,812,6
3079,6021,813,1
3080,6022,813,6
3081,6023,813,4
3082,6029,814,8
3083,6030,814,5
3084,6033,815,9
3085,6035,815,10
3086,6036,815,1
3087,6037,815,3
3088,6040,815,7
3089,6041,816,7
3090,6042,816,9
3091,6043,816,9
3092,6045,816,7
3093,6047,816,8
3094,6051,817,6
3095,6052,817,4
3096,6053,817,2
3097,6058,818,3
3098,6061,819,7
3099,6063,819,9
3100,6064,819,3
3101,6066,820,6
3102,6068,820,8
3103,6075,821,2
3104,6076,821,7
3105,6077,821,8
3106,6080,822,2
3107,6082,822,3
3108,6084,822,1
3109,6085,822,2
3110,6086,822,6
3111,6087,822,2
3112,6090,823,10
3113,6091,823,4
3114,6092,823,7
3115,6097,824,9
3116,6101,824,3
3117,6102,824,6
3118,6103,825,7
3119,6107,825,3
3120,6110,826,3
3121,6112,826,6
3122,6113,826,1
3123,6117,826,5
3124,6119,827,9
3125,6121,827,9
3126,6122,827,6
3127,6123,827,5
3128,6130,828,10
3129,6131,828,2
3130,6134,828,3
3131,6135,828,6
3132,6136,828,3
3133,6137,828,7
3134,6138,829,7
3135,6141,829,5
3136,6142,829,1
3137,6145,830,3
3138,6146,830,8
3139,6147,830,6
3140,6148,830,7
3141,6149,831,3
3142,6150,831,7
3143,6151,831,5
3144,6152,831,8
3145,6154,831,9
3146,6156,832,9
3147,6158,832,1
3148,6159,832,3
3149,6162,832,6
3150,6163,832,5
3151,6165,832,2
3152,6168,833,6
3153,6169,833,7
3154,6170,833,10
3155,6171,833,3
3156,6172,833,9
3157,6173,833,7
3158,6176,834,7
3159,6179,834,2
3160,6180,834,2
3161,6188,835,10
3162,6189,835,9
3163,6193,836,1
3164,6194,836,2
3165,6195,836,10
3166,6196,836,10
3167,6197,836,10
3168,6199,837,3
3169,6200,837,10
3170,6201,837,8
3171,6202,837,3
3172,6203,837,8
3173,6204,837,2
3174,6206,838,3
3175,6207,838,8
3176,6209,838,2
3177,6211,839,5
3178,6212,839,3
3179,6213,839,10
3180,6214,839,7
3181,6219,840,7
3182,6220,840,1
3183,6222,840,10
3184,6225,841,2
3185,6226,841,10
3186,6227,841,5
3187,6228,841,7
3188,6229,841,6
3189,6230,842,3
3190,6231,842,2
3191,6236,842,9
3192,6237,842,1
3193,6239,842,10
3194,6244,843,10
3195,6245,843,4
3196,6246,843,9
3197,6247,844,5
3198,6248,844,8
3199,6249,844,7
3200,6251,844,7
3201,6252,844,10
3202,6255,844,4
3203,6257,845,9
3204,6258,845,4
3205,6259,845,10
3206,6261,845,1
3207,6262,845,3
3208,6263,845,2
3209,6267,846,10
3210,6273,847,7
3211,6274,847,9
3212,6275,847,4
3213,6276,847,1
3214,6284,848,3
3215,6287,848,3
3216,6289,849,10
3217,6290,849,6
3218,6291,849,3
3219,6292,849,10
3220,6293,849,9
3221,6294,849,1
3222,6296,850,9
3223,6299,850,1
3224,6300,850,7
3225,6301,850,2
3226,6303,851,4
3227,6305,851,3
3228,6306,851,5
3229,6307,851,10
3230,6308,851,1
3231,6314,852,1
3232,6316,852,8
3233,6317,852,6
3234,6321,853,1
3235,6322,853,8
3236,6323,853,1
3237,6324,854,9
3238,6326,854,6
3239,6328,854,4
3240,6330,854,5
3241,6335,855,9
3242,6336,855,7
3243,6337,855,10
3244,6339,855,7
3245,6341,855,5
3246,6343,856,10
3247,6344,856,8
3248,6345,856,5
3249,6346,856,9
3250,6349,857,5
3251,6351,857,5
3252,6354,858,10
3253,6357,858,7
3254,6359,858,8
3255,6361,859,5
3256,6362,859,1
3257,6363,859,8
3258,6370,860,4
3259,6371,860,1
3260,6373,860,5
3261,6374,860,2
3262,6377,861,6
3263,6378,861,6
3264,6380,862,4
3265,6384,862,10
3266,6385,862,7
3267,6386,862,6
3268,6387,862,1
3269,6389,863,10
3270,6392,863,7
3271,6393,863,10
3272,6394,864,4
3273,6395,864,9
3274,6398,864,1
3275,6400,864,9
3276,6401,864,1
3277,6402,864,2
3278,6403,864,9
3279,6405,865,4
3280,6406,865,9
3281,6407,865,6
3282,6410,866,8
3283,6411,866,1
3284,6413,866,4
3285,6417,867,4
3286,6419,867,1
3287,6420,868,6
3288,6423,868,1
3289,6426,869,1
3290,6427,869,6
3291,6428,869,8
3292,6429,869,1
3293,6430,869,8
3294,6432,870,10
3295,6437,870,4
3296,6438,871,10
3297,6439,871,7
3298,6440,871,8
3299,6443,872,7
3300,6447,872,8
3301,6448,872,1
3302,6451,872,7
3303,6452,873,8
3304,6454,873,6
3305,6459,874,6
3306,6462,874,7
3307,6465,874,10
3308,6466,874,7
3309,6467,875,9
3310,6468,875,8
3311,6470,875,3
3312,6471,875,9
3313,6473,875,9
3314,6476,875,3
3315,6479,876,4
3316,6481,876,6
3317,6482,876,6
3318,6486,876,5
3319,6489,877,3
3320,6492,877,6
3321,6493,877,6
3322,6494,877,4
3323,6496,878,3
3324,6500,878,2
3325,6505,879,10
3326,6506,879,5
3327,6507,879,4
3328,6508,879,5
3329,6509,879,7
3330,6512,879,9
3331,6515,880,1
3332,6516,880,3
3333,6517,880,10
3334,6520,881,1
3335,6522,881,1
3336,6525,882,4
3337,6529,882,7
3338,6530,883,4
3339,6532,883,1
3340,6534,883,2
3341,6535,883,7
3342,6536,883,7
3343,6538,884,7
3344,6539,884,5
3345,6540,884,8
3346,6544,885,2
3347,6546,885,5
3348,6547,885,9
3349,6548,885,6
3350,6551,885,4
3351,6553,886,6
3352,6556,886,6
3353,6557,886,9
3354,6559,886,8
3355,6561,886,3
3356,6562,886,2
3357,6563,887,3
3358,6565,887,3
3359,6566,887,5
3360,6567,887,9
3361,6568,887,4
3362,6575,888,9
3363,6577,889,4
3364,6578,889,10
3365,6580,889,7
3366,6582,889,2
3367,6583,889,8
3368,6584,890,1
3369,6586,890,9
3370,6587,890,9
3371,6589,890,2
3372,6592,890,3
3373,6596,891,8
3374,6597,891,6
3375,6598,891,3
3376,6599,891,3
3377,6600,891,3
3378,6602,891,2
3379,6603,891,7
3380,6605,892,6
3381,6606,892,3
3382,6607,892,3
3383,6609,892,5
3384,6610,892,2
3385,6611,892,10
3386,6612,892,2
3387,6613,893,10
3388,6614,893,1
3389,6616,893,2
3390,6619,893,5
3391,6622,894,3
3392,6626,894,8
3393,6629,895,5
3394,6630,895,9
3395,6631,895,2
3396,6632,895,5
3397,6635,895,7
3398,6636,896,7
3399,6637,896,9
3400,6639,896,4
3401,6641,897,4
3402,6642,897,8
3403,6643,897,5
3404,6644,897,9
3405,6645,897,5
3406,6646,897,2
3407,6647,897,9
3408,6648,897,8
3409,6649,897,8
3410,6650,898,8
3411,6654,898,7
3412,6658,899,8
3413,6664,900,1
3414,6665,900,6
3415,6666,900,1
3416,6667,900,8
3417,6669,900,9
3418,6670,900,6
3419,6671,901,1
3420,6672,901,7
3421,6673,901,9
3422,6675,901,9
3423,6677,901,9
3424,6678,901,10
3425,6681,902,7
3426,6682,902,9
3427,6683,902,9
3428,6684,902,3
3429,6685,903,2
3430,6686,903,8
3431,6688,903,10
3432,6689,903,3
3433,6690,904,10
3434,6695,904,10
3435,6696,905,7
3436,6697,905,4
3437,6699,905,5
3438,6700,905,5
3439,6702,906,6
3440,6703,906,1
3441,6708,906,2
3442,6713,907,2
3443,6714,907,6
3444,6716,907,5
3445,6717,907,10
3446,6718,908,3
3447,6719,908,8
3448,6722,908,2
3449,6725,909,6
3450,6729,910,4
3451,6732,910,1
3452,6734,910,2
3453,6735,910,7
3454,6737,910,5
3455,6739,911,10
3456,6740,911,3
3457,6752,912,4
3458,6755,912,2
3459,6758,913,7
3460,6761,913,9
3461,6762,913,4
3462,6763,913,8
3463,6767,914,5
3464,6768,914,9
3465,6769,914,7
3466,6772,914,1
3467,6773,914,9
3468,6774,914,6
3469,6775,914,9
3470,6777,915,7
3471,6778,915,7
3472,6779,915,9
3473,6781,915,3
3474,6782,915,4
3475,6783,916,1
3476,6784,916,5
3477,6786,916,5
3478,6787,916,7
3479,6788,916,3
3480,6789,916,7
3481,6790,917,1
3482,6792,917,10
3483,6794,917,7
3484,6796,918,5
3485,6799,918,3
3486,6800,918,9
3487,6801,918,8
3488,6807,919,9
3489,6808,919,2
3490,6809,919,2
3491,6810,920,6
3492,6811,920,9
3493,6812,920,3
3494,6814,920,9
3495,6815,920,4
3496,6816,920,1
3497,6817,920,10
3498,6818,921,2
3499,6820,921,4
3500,6824,922,10
3501,6825,922,2
3502,6826,922,8
3503,6827,922,9
3504,6828,922,7
3505,6833,923,3
3506,6835,923,5
3507,6837,924,4
3508,6838,924,2
3509,6839,924,3
3510,6840,924,6
3511,6841,924,10
3512,6842,924,1
3513,6844,924,4
3514,6845,925,8
3515,6846,925,1
3516,6848,925,5
3517,6850,925,9
3518,6856,926,3
3519,6859,926,9
3520,6864,927,5
3521,6868,927,8
3522,6869,928,8
3523,6870,928,10
3524,6873,928,3
3525,6874,928,9
3526,6875,928,7
3527,6878,929,4
3528,6881,929,4
3529,6882,929,4
3530,6883,929,2
3531,6889,930,5
3532,6890,930,1
3533,6898,931,8
3534,6899,931,10
3535,6901,931,4
3536,6903,932,7
3537,6905,932,3
3538,6906,932,2
3539,6907,932,10
3540,6908,932,4
3541,6909,932,2
3542,6910,933,6
3543,6911,933,5
3544,6912,933,7
3545,6914,933,3
3546,6915,933,3
3547,6916,933,10
3548,6918,934,1
3549,6920,934,7
3550,6921,934,6
3551,6922,934,1
3552,6923,934,7
3553,6924,934,3
3554,6926,935,6
3555,6928,935,1
3556,6929,935,9
3557,6934,936,3
3558,6935,936,10
3559,6941,937,1
3560,6942,937,2
3561,6944,937,5
3562,6945,937,3
3563,6946,937,10
3564,6948,937,6
3565,6952,938,5
3566,6953,938,3
3567,6954,938,1
3568,6958,938,6
3569,6959,938,1
3570,6961,939,5
3571,6963,939,1
3572,6964,939,9
3573,6966,939,1
3574,6970,940,10
3575,6971,940,2
3576,6972,940,4
3577,6973,940,7
3578,6974,940,10
3579,6975,940,1
3580,6976,940,6
3581,6979,941,7
3582,6981,941,3
3583,6983,941,1
3584,6984,941,5
3585,6985,941,9
3586,6986,942,10
3587,6989,942,3
3588,6991,942,1
3589,6994,943,8
3590,6996,943,5
3591,6997,943,10
3592,6999,943,6
3593,7002,944,2
3594,7004,944,1
3595,7005,944,8
3596,7006,944,8
3597,7007,944,4
3598,7009,945,8
3599,7010,945,3
3600,7014,946,2
3601,7015,946,9
3602,7017,946,2
3603,7020,947,1
3604,7025,947,4
3605,7026,947,2
3606,7027,947,2
3607,7029,948,5
3608,7030,948,9
3609,7034,948,3
3610,7036,948,8
3611,7037,948,10
3612,7038,948,5
3613,7041,949,2
3614,7042,949,5
3615,7043,949,3
3616,7044,949,10
3617,7045,950,10
3618,7048,950,3
3619,7049,950,8
3620,7050,950,3
3621,7052,951,2
3622,7053,951,2
3623,7055,951,1
3624,7060,952,3
3625,7062,952,7
3626,7063,952,9
3627,7064,952,3
3628,7066,952,6
3629,7067,953,3
3630,7068,953,3
3631,7071,953,3
3632,7073,953,4
3633,7076,954,4
3634,7079,955,1
3635,7083,955,4
3636,7085,955,3
3637,7086,956,3
3638,7088,956,9
3639,7091,956,5
3640,7092,956,2
3641,7094,957,1
3642,7095,957,1
3643,7100,958,3
3644,7101,958,9
3645,7102,958,6
3646,7103,958,6
3647,7105,958,3
3648,7106,959,3
3649,7107,959,2
3650,7108,959,5
3651,7110,959,2
3652,7111,959,1
3653,7114,960,7
3654,7115,960,9
3655,7116,960,2
3656,7117,960,10
3657,7119,961,3
3658,7120,961,4
3659,7124,962,9
3660,7129,962,1
3661,7130,962,10
3662,7132,963,1
3663,7133,963,4
3664,7137,964,5
3665,7138,964,5
3666,7139,964,1
3667,7142,964,1
3668,7145,965,2
3669,7146,965,2
3670,7147,965,10
3671,7148,965,1
3672,7149,966,3
3673,7150,966,2
3674,7152,966,2
3675,7153,966,5
3676,7154,966,5
3677,7158,967,6
3678,7159,967,1
3679,7160,967,1
3680,7161,967,1
3681,7165,968,3
3682,7167,968,5
3683,7168,968,4
3684,7169,968,8
3685,7171,968,1
3686,7176,969,9
3687,7177,970,2
3688,7180,970,7
3689,7181,970,7
3690,7183,971,9
3691,7185,971,10
3692,7186,971,6
3693,7187,971,1
3694,7188,971,7
3695,7193,972,8
3696,7195,972,8
3697,7196,972,4
3698,7199,973,2
3699,7200,973,10
3700,7202,973,9
3701,7204,974,9
3702,7205,974,1
3703,7209,974,5
3704,7210,974,2
3705,7215,975,6
3706,7216,975,3
3707,7219,975,3
3708,7220,976,6
3709,7221,976,9
3710,7222,976,1
3711,7226,976,9
3712,7227,976,10
3713,7228,977,10
3714,7230,977,7
3715,7231,977,9
3716,7232,977,4
3717,7233,977,4
3718,7240,978,5
3719,7241,979,2
3720,7242,979,10
3721,7246,979,4
3722,7251,980,1
3723,7253,980,9
3724,7256,980,10
3725,7257,980,10
3726,7258,980,2
3727,7262,981,7
3728,7265,981,2
3729,7266,981,1
3730,7268,981,4
3731,7270,982,10
3732,7272,982,2
3733,7276,982,9
3734,7285,983,5
3735,7289,983,9
3736,7291,984,5
3737,7292,984,4
3738,7294,984,10
3739,7298,984,10
3740,7305,985,2
3741,7310,986,2
3742,7311,986,3
3743,7314,986,2
3744,7315,986,5
3745,7316,986,10
3746,7317,987,10
3747,7318,987,7
3748,7321,987,2
3749,7322,988,6
3750,7323,988,7
3751,7325,988,3
3752,7326,988,4
3753,7331,989,8
3754,7333,989,3
3755,7334,990,8
3756,7335,990,7
3757,7336,990,4
3758,7337,990,3
3759,7338,990,4
3760,7339,990,3
3761,7340,991,6
3762,7341,991,3
3763,7342,991,8
3764,7343,991,1
3765,7346,992,3
3766,7347,992,8
3767,7348,992,6
3768,7351,992,1
3769,7353,992,5
3770,7354,992,1
3771,7355,993,5
3772,7359,993,6
3773,7360,993,9
3774,7363,994,3
3775,7364,994,8
3776,7366,994,9
3777,7369,995,1
3778,7371,995,10
3779,7372,995,7
3780,7373,995,10
3781,7376,996,4
3782,7378,996,4
3783,7379,996,2
3784,7380,997,2
3785,7384,997,6
3786,7387,998,10
3787,7388,998,4
3788,7389,998,7
3789,7390,998,10
3790,7397,999,3
3791,7399,999,9
3792,7401,999,5
3793,7406,1000,2
3794,7414,1001,10
3795,7417,1002,9
3796,7418,1002,7
3797,7420,1002,6
3798,7421,1002,9
3799,7422,1002,6
3800,7423,1002,5
3801,7424,1003,1
3802,7429,1003,3
3803,7432,1004,3
3804,7433,1004,5
3805,7434,1004,1
3806,7437,1004,6
3807,7440,1004,5
3808,7443,1005,2
3809,7446,1005,10
3810,7448,1006,8
3811,7450,1006,8
3812,7451,1006,2
3813,7454,1007,3
3814,7455,1007,7
3815,7456,1007,7
3816,7458,1007,10
3817,7460,1008,6
3818,7461,1008,7
3819,7464,1008,10
3820,7466,1008,1
3821,7469,1009,4
3822,7470,1009,3
3823,7471,1009,9
3824,7472,1009,9
3825,7473,1009,9
3826,7474,1009,7
3827,7475,1010,9
3828,7482,1010,9
3829,7483,1010,6
3830,7484,1010,4
3831,7485,1011,8
3832,7486,1011,9
3833,7487,1011,6
3834,7493,1012,5
3835,7494,1012,3
3836,7497,1013,9
3837,7498,1013,5
3838,7499,1013,2
3839,7500,1013,1
3840,7501,1013,2
3841,7502,1013,4
3842,7504,1013,6
3843,7505,1014,3
3844,7506,1014,2
3845,7507,1014,2
3846,7509,1014,5
3847,7512,1014,3
3848,7514,1014,6
3849,7515,1015,8
3850,7519,1015,9
3851,7520,1015,6
3852,7521,1015,10
3853,7522,1015,6
3854,7525,1016,6
3855,7531,1017,10
3856,7535,1018,5
3857,7536,1018,2
3858,7541,1018,3
3859,7543,1019,10
3860,7544,1019,1
3861,7545,1019,2
3862,7546,1019,1
3863,7548,1019,8
3864,7549,1019,7
3865,7550,1019,1
3866,7551,1019,2
3867,7553,1020,1
3868,7554,1020,2
3869,7557,1020,4
3870,7561,1021,3
3871,7562,1021,10
3872,7564,1021,2
3873,7565,1021,4
3874,7566,1021,6
3875,7568,1022,3
3876,7570,1022,9
3877,7571,1022,4
3878,7573,1022,8
3879,7574,1022,6
3880,7575,1022,10
3881,7578,1023,7
3882,7580,1023,9
3883,7581,1023,8
3884,7583,1023,4
3885,7584,1023,2
3886,7585,1023,3
3887,7588,1024,5
3888,7590,1024,7
3889,7592,1024,2
3890,7593,1024,6
3891,7594,1024,4
3892,7596,1025,9
3893,7598,1025,7
3894,7601,1026,3
3895,7602,1026,3
3896,7603,1026,9
3897,7608,1027,4
3898,7609,1027,8
3899,7610,1027,2
3900,7615,1027,4
3901,7616,1027,10
3902,7617,1028,3
3903,7618,1028,1
3904,7619,1028,10
3905,7620,1028,7
3906,7623,1028,7
3907,7624,1028,8
3908,7625,1028,9
3909,7627,1029,2
3910,7628,1029,4
3911,7632,1029,5
3912,7634,1030,8
3913,7635,1030,10
3914,7636,1030,1
3915,7637,1030,1
3916,7638,1031,10
3917,7639,1031,4
3918,7641,1031,9
3919,7642,1031,9
3920,7643,1031,10
3921,7645,1032,3
3922,7647,1032,10
3923,7648,1032,1
3924,7652,1032,8
3925,7653,1033,5
3926,7654,1033,2
3927,7657,1033,2
3928,7661,1034,5
3929,7665,1034,10
3930,7667,1035,7
3931,7668,1035,6
3932,7671,1035,1
3933,7676,1036,6
3934,7677,1036,4
3935,7679,1036,9
3936,7681,1036,1
3937,7686,1037,1
3938,7687,1037,7
3939,7688,1037,5
3940,7689,1037,7
3941,7692,1037,6
3942,7693,1037,10
3943,7697,1038,9
3944,7698,1038,3
3945,7700,1038,1
3946,7703,1039,8
3947,7705,1039,6
3948,7706,1039,9
3949,7708,1040,2
3950,7711,1040,7
3951,7713,1040,10
3952,7714,1040,2
3953,7715,1040,4
3954,7717,1040,9
3955,7720,1041,2
3956,7721,1041,5
3957,7722,1041,8
3958,7724,1041,9
3959,7726,1041,2
3960,7727,1042,2
3961,7729,1042,1
3962,7732,1042,8
3963,7735,1043,8
3964,7737,1043,2
3965,7738,1043,5
3966,7739,1044,3
3967,7740,1044,9
3968,7741,1044,10
3969,7743,1044,8
3970,7745,1044,5
3971,7748,1044,8
3972,7749,1045,8
3973,7750,1045,1
3974,7751,1045,5
3975,7752,1045,3
3976,7757,1046,7
3977,7758,1046,3
3978,7762,1046,10
3979,7763,1046,1
3980,7765,1047,7
3981,7767,1047,7
3982,7768,1047,9
3983,7770,1047,4
3984,7774,1048,8
3985,7775,1048,6
3986,7776,1048,5
3987,7778,1048,1
3988,7781,1049,9
3989,7783,1049,8
3990,7786,1050,6
3991,7789,1050,1
3992,7790,1050,10
3993,7791,1050,8
3994,7794,1051,1
3995,7795,1051,2
3996,7796,1051,6
3997,7799,1051,8
3998,7803,1051,4
3999,7804,1052,9
4000,7805,1052,4
4001,7806,1052,10
4002,7807,1052,6
4003,7808,1052,9
4004,7811,1053,10
4005,7813,1053,2
4006,7816,1054,8
4007,7819,1054,1
4008,7820,1054,7
4009,7824,1055,1
4010,7827,1055,1
4011,7828,1055,6
4012,7829,1055,8
4013,7834,1056,2
4014,7836,1057,9
4015,7837,1057,6
4016,7838,1057,9
4017,7840,1057,6
4018,7841,1058,7
4019,7843,1058,3
4020,7844,1058,7
4021,7846,1058,3
4022,7848,1059,2
4023,7849,1059,5
4024,7851,1059,1
4025,7852,1059,8
4026,7853,1059,7
4027,7854,1059,10
4028,7856,1060,1
4029,7858,1060,8
4030,7859,1060,3
4031,7861,1060,2
4032,7865,1061,1
4033,7867,1061,1
4034,7869,1061,8
4035,7872,1061,7
4036,7875,1062,4
4037,7877,1062,7
4038,7878,1063,4
4039,7879,1063,1
4040,7880,1063,4
4041,7882,1063,8
4042,7884,1063,6
4043,7886,1064,3
4044,7888,1064,3
4045,7889,1064,10
4046,7890,1064,3
4047,7892,1064,5
4048,7893,1064,4
4049,7897,1065,9
4050,7899,1065,5
4051,7900,1065,8
4052,7902,1065,9
4053,7903,1065,5
4054,7907,1066,6
4055,7912,1067,4
4056,7913,1067,8
4057,7915,1067,10
4058,7917,1068,5
4059,7919,1068,6
4060,7921,1068,9
4061,7922,1069,3
4062,7925,1069,3
4063,7926,1069,3
4064,7927,1069,10
4065,7929,1069,8
4066,7930,1069,2
4067,7933,1070,6
4068,7936,1070,8
4069,7937,1070,5
4070,7938,1070,3
4071,7939,1070,4
4072,7943,1071,10
4073,7944,1071,10
4074,7945,1071,1
4075,7946,1071,8
4076,7947,1071,7
4077,7951,1072,3
4078,7952,1072,1
4079,7953,1072,4
4080,7955,1073,7
4081,7956,1073,2
4082,7961,1074,1
4083,7962,1074,2
4084,7965,1074,4
4085,7966,1074,9
4086,7967,1074,6
4087,7971,1075,5
4088,7973,1075,10
4089,7975,1075,7
4090,7979,1076,8
4091,7982,1076,7
4092,7983,1076,5
4093,7986,1077,7
4094,7988,1077,1
4095,7990,1077,1
4096,7992,1077,6
4097,7994,1078,6
4098,7995,1078,5
4099,7996,1078,9
4100,7997,1078,3
4101,7998,1078,2
4102,8001,1079,3
4103,8002,1079,6
4104,8006,1079,9
4105,8007,1079,10
4106,8008,1079,9
4107,8009,1080,2
4108,8010,1080,4
4109,8013,1080,1
4110,8014,1080,1
4111,8018,1081,5
4112,8020,1081,2
4113,8024,1081,3
4114,8027,1081,9
4115,8029,1082,10
4116,8031,1082,7
4117,8032,1082,10
4118,8033,1082,4
4119,8035,1083,4
4120,8036,1083,6
4121,8037,1083,2
4122,8041,1083,4
4123,8044,1084,8
4124,8045,1084,2
4125,8047,1084,1
4126,8049,1084,10
4127,8051,1084,3
4128,8054,1085,10
4129,8056,1085,5
4130,8059,1086,1
4131,8061,1086,9
4132,8064,1087,2
4133,8066,1087,7
4134,8068,1087,4
4135,8071,1088,8
4136,8073,1088,5
4137,8074,1088,2
4138,8075,1088,4
4139,8076,1089,4
4140,8077,1089,8
4141,8078,1089,3
4142,8081,1089,3
4143,8083,1090,6
4144,8086,1090,6
4145,8088,1090,2
4146,8092,1091,3
4147,8094,1091,3
4148,8098,1092,1
4149,8101,1092,1
4150,8102,1092,8
4151,8105,1093,2
4152,8107,1093,1
4153,8111,1093,10
4154,8112,1093,8
4155,8113,1094,3
4156,8115,1094,5
4157,8116,1094,10
4158,8120,1094,6
4159,8122,1095,9
4160,8124,1095,6
4161,8126,1095,3
4162,8127,1095,6
4163,8128,1095,2
4164,8129,1095,2
4165,8134,1096,8
4166,8135,1096,4
4167,8137,1096,9
4168,8138,1096,1
4169,8140,1097,9
4170,8141,1097,6
4171,8143,1097,4
4172,8144,1097,9
4173,8145,1098,8
4174,8150,1098,9
4175,8151,1099,5
4176,8152,1099,2
4177,8153,1099,8
4178,8155,1099,9
4179,8157,1099,6
4180,8159,1099,1
4181,8160,1099,6
4182,8163,1100,7
4183,8165,1100,3
4184,8167,1100,6
4185,8168,1100,2
4186,8170,1100,5
4187,8171,1101,9
4188,8172,1101,1
4189,8173,1101,5
4190,8174,1101,10
4191,8175,1101,5
4192,8176,1101,8
4193,8178,1102,7
4194,8179,1102,5
4195,8181,1102,4
4196,8183,1103,4
4197,8184,1103,4
4198,8186,1103,6
4199,8187,1103,5
4200,8188,1103,7
4201,8191,1104,1
4202,8192,1104,5
4203,8193,1104,4
4204,8195,1104,8
4205,8200,1105,3
4206,8202,1105,10
4207,8204,1105,7
4208,8205,1105,5
4209,8206,1105,2
4210,8208,1106,10
4211,8209,1106,1
4212,8211,1106,9
4213,8214,1106,10
4214,8217,1107,1
4215,8221,1107,4
4216,8224,1107,8
4217,8225,1108,10
4218,8227,1108,3
4219,8232,1108,4
4220,8237,1109,1
4221,8242,1110,6
4222,8245,1110,5
4223,8246,1110,2
4224,8247,1111,9
4225,8248,1111,9
4226,8249,1111,10
4227,8250,1111,9
4228,8254,1112,8
4229,8257,1112,4
4230,8258,1112,7
4231,8260,1112,1
4232,8261,1112,4
4233,8265,1113,7
4234,8269,1113,6
4235,8270,1113,7
4236,8272,1113,10
4237,8273,1114,4
4238,8274,1114,1
4239,8275,1114,9
4240,8279,1114,3
4241,8281,1115,2
4242,8283,1115,4
4243,8285,1116,3
4244,8286,1116,1
4245,8289,1116,4
4246,8290,1116,3
4247,8291,1116,2
4248,8298,1117,1
4249,8299,1117,5
4250,8300,1117,9
4251,8302,1118,8
4252,8303,1118,8
4253,8304,1118,9
4254,8305,1118,5
4255,8312,1119,4
4256,8314,1119,3
4257,8317,1120,3
4258,8318,1120,4
4259,8319,1120,7
4260,8320,1120,2
4261,8321,1120,10
4262,8325,1121,1
4263,8329,1121,9
4264,8332,1122,4
4265,8335,1122,9
4266,8336,1122,6
4267,8337,1122,6
4268,8338,1123,8
4269,8343,1123,10
4270,8345,1123,1
4271,8347,1124,6
4272,8348,1124,5
4273,8349,1124,7
4274,8351,1124,10
4275,8354,1124,5
4276,8357,1125,5
4277,8358,1125,2
4278,8359,1125,1
4279,8360,1125,4
4280,8362,1126,2
4281,8365,1126,8
4282,8366,1126,4
4283,8367,1126,5
4284,8368,1127,3
4285,8372,1127,8
4286,8376,1128,10
4287,8377,1128,8
4288,8380,1128,6
4289,8384,1129,3
4290,8389,1130,8
4291,8391,1130,9
4292,8394,1130,2
4293,8395,1130,4
4294,8398,1131,2
4295,8399,1131,10
4296,8400,1131,6
4297,8401,1131,7
4298,8402,1131,7
4299,8404,1131,5
4300,8406,1132,9
4301,8408,1132,9
4302,8410,1132,7
4303,8412,1132,6
4304,8414,1133,1
4305,8416,1133,6
4306,8417,1133,3
4307,8418,1133,10
4308,8423,1134,4
4309,8424,1134,10
4310,8429,1135,5
4311,8431,1135,6
4312,8432,1135,5
4313,8433,1135,10
4314,8439,1136,10
4315,8440,1136,8
4316,8441,1136,5
4317,8443,1136,7
4318,8444,1136,8
4319,8446,1137,2
4320,8447,1137,4
4321,8452,1137,1
4322,8453,1137,6
4323,8454,1138,5
4324,8455,1138,6
4325,8458,1138,8
4326,8460,1139,8
4327,8462,1139,8
4328,8463,1139,10
4329,8466,1140,2
4330,8467,1140,10
4331,8472,1140,7
4332,8474,1141,7
4333,8475,1141,7
4334,8477,1141,4
4335,8478,1141,8
4336,8482,1142,4
4337,8485,1143,2
4338,8486,1143,9
4339,8487,1143,4
4340,8488,1143,2
4341,8490,1143,10
4342,8491,1143,4
4343,8494,1144,8
4344,8496,1144,10
4345,8497,1144,8
4346,8498,1144,9
4347,8500,1144,8
4348,8501,1145,9
4349,8502,1145,10
4350,8503,1145,8
4351,8504,1145,8
4352,8507,1145,5
4353,8510,1146,2
4354,8511,1146,5
4355,8513,1146,9
4356,8515,1146,8
4357,8517,1146,10
4358,8519,1147,3
4359,8523,1147,10
4360,8526,1147,8
4361,8527,1148,8
4362,8530,1148,9
4363,8533,1148,2
4364,8535,1149,6
4365,8536,1149,1
4366,8541,1150,5
4367,8543,1150,7
4368,8551,1151,8
4369,8554,1151,4
4370,8558,1152,6
4371,8561,1152,10
4372,8564,1152,4
4373,8566,1153,5
4374,8576,1154,10
4375,8581,1155,8
4376,8582,1155,1
4377,8583,1155,6
4378,8584,1155,8
4379,8586,1156,8
4380,8589,1156,3
4381,8593,1156,10
4382,8594,1157,3
4383,8595,1157,3
4384,8597,1157,5
4385,8598,1157,8
4386,8599,1157,10
4387,8600,1157,4
4388,8603,1157,9
4389,8605,1158,9
4390,8608,1158,3
4391,8609,1158,1
4392,8610,1158,2
4393,8611,1158,9
4394,8612,1159,1
4395,8613,1159,5
4396,8620,1160,1
4397,8626,1160,5
4398,8627,1161,9
4399,8629,1161,7
4400,8630,1161,4
4401,8631,1161,9
4402,8634,1162,9
4403,8635,1162,5
4404,8636,1162,5
4405,8637,1163,3
4406,8639,1163,8
4407,8642,1163,5
4408,8644,1163,2
4409,8646,1163,5
4410,8647,1164,3
4411,8648,1164,4
4412,8650,1164,8
4413,8654,1165,7
4414,8658,1165,10
4415,8660,1165,10
4416,8661,1165,10
4417,8662,1165,7
4418,8663,1165,2
4419,8666,1166,6
4420,8670,1166,4
4421,8671,1166,4
4422,8672,1167,8
4423,8675,1167,9
4424,8677,1167,7
4425,8679,1167,9
4426,8680,1167,2
4427,8681,1167,2
4428,8684,1168,6
4429,8685,1168,2
4430,8688,1168,2
4431,8689,1169,9
4432,8690,1169,5
4433,8694,1170,1
4434,8696,1170,7
4435,8697,1170,3
4436,8698,1170,6
4437,8700,1170,8
4438,8702,1171,6
4439,8703,1171,5
4440,8704,1171,6
4441,8705,1171,7
4442,8706,1171,10
4443,8713,1172,8
4444,8714,1172,9
4445,8716,1173,4
4446,8718,1173,9
4447,8719,1173,10
4448,8721,1173,5
4449,8722,1174,9
4450,8724,1174,5
4451,8729,1175,5
4452,8731,1175,3
4453,8733,1175,6
4454,8734,1175,5
4455,8735,1175,4
4456,8738,1176,10
4457,8739,1176,7
4458,8740,1176,6
4459,8742,1176,3
4460,8743,1176,1
4461,8744,1177,8
4462,8745,1177,4
4463,8746,1177,3
4464,8747,1177,1
4465,8748,1177,6
4466,8750,1178,6
4467,8758,1179,1
4468,8760,1179,2
4469,8762,1179,9
4470,8764,1180,5
4471,8765,1180,5
4472,8766,1180,7
4473,8767,1180,3
4474,8770,1180,2
4475,8774,1181,4
4476,8775,1181,9
4477,8777,1181,4
4478,8779,1181,4
4479,8780,1181,1
4480,8781,1181,10
4481,8783,1182,5
4482,8784,1182,5
4483,8787,1182,5
4484,8791,1183,8
4485,8793,1183,3
4486,8796,1184,2
4487,8797,1184,4
4488,8798,1184,3
4489,8800,1184,3
4490,8801,1184,9
4491,8802,1184,6
4492,8804,1184,7
4493,8805,1184,2
4494,8806,1185,10
4495,8809,1185,5
4496,8811,1185,10
4497,8812,1185,2
4498,8814,1186,8
4499,8815,1186,9
4500,8816,1186,4
4501,8818,1186,6
4502,8819,1187,2
4503,8820,1187,1
4504,8822,1187,1
4505,8824,1187,4
4506,8825,1188,10
4507,8827,1188,5
4508,8829,1188,6
4509,8830,1188,2
4510,8834,1189,1
4511,8836,1189,6
4512,8837,1189,9
4513,8838,1189,3
4514,8839,1189,4
4515,8840,1189,9
4516,8841,1190,4
4517,8842,1190,1
4518,8843,1190,8
4519,8844,1190,2
4520,8845,1190,1
4521,8848,1191,4
4522,8849,1191,10
4523,8851,1191,5
4524,8852,1191,4
4525,8853,1191,8
4526,8855,1191,4
4527,8856,1191,5
4528,8857,1192,9
4529,8858,1192,7
4530,8861,1192,3
4531,8862,1192,2
4532,8864,1192,10
4533,8865,1192,2
4534,8866,1192,1
4535,8869,1193,6
4536,8870,1193,1
4537,8872,1193,10
4538,8873,1194,5
4539,8874,1194,1
4540,8875,1194,10
4541,8876,1194,1
4542,8879,1194,1
4543,8881,1195,8
4544,8883,1195,2
4545,8884,1195,9
4546,8887,1195,4
4547,8888,1195,10
4548,8889,1195,8
4549,8890,1196,10
4550,8891,1196,9
4551,8892,1196,9
4552,8893,1196,4
4553,8896,1196,8
4554,8897,1196,5
4555,8898,1197,7
4556,8899,1197,6
4557,8900,1197,4
4558,8903,1197,1
4559,8904,1197,10
4560,8905,1197,8
4561,8906,1197,10
4562,8909,1198,8
4563,8913,1199,9
4564,8916,1199,8
4565,8920,1200,7
4566,8926,1200,8
4567,8930,1201,8
4568,8931,1201,2
4569,8932,1201,1
4570,8933,1201,10
4571,8934,1201,4
4572,8937,1202,3
4573,8942,1202,9
4574,8947,1203,8
4575,8951,1203,1
4576,8952,1203,3
4577,8955,1203,9
4578,8958,1204,7
4579,8963,1205,10
4580,8965,1205,8
4581,8966,1205,9
4582,8968,1205,9
4583,8970,1205,7
4584,8975,1206,9
4585,8976,1206,1
4586,8977,1206,1
