product_id,tag_id
1,1812
1,1837
2,1805
3,1831
3,1807
3,1840
4,1833
4,1849
4,1831
4,1849
4,1802
5,1814
5,1813
5,1831
6,1812
6,1804
6,1817
6,1826
7,1806
7,1817
7,1833
7,1808
7,1849
8,1835
8,1831
8,1831
8,1813
8,1803
8,1820
8,1813
9,1820
9,1831
9,1815
9,1846
9,1839
9,1844
9,1814
9,1832
10,1845
10,1821
10,1803
10,1834
11,1848
11,1805
11,1812
12,1812
12,1820
12,1842
12,1849
12,1816
13,1813
13,1839
13,1835
13,1830
13,1806
13,1814
13,1813
13,1842
14,1834
14,1823
14,1807
14,1813
14,1849
14,1850
14,1822
14,1824
14,1804
15,1820
15,1829
15,1818
15,1824
15,1843
15,1848
15,1821
15,1832
15,1817
15,1831
16,1827
16,1819
16,1848
16,1830
16,1802
16,1830
16,1844
16,1812
16,1824
17,1846
17,1806
17,1841
17,1846
17,1810
17,1840
17,1820
17,1836
17,1840
17,1843
18,1828
18,1847
18,1817
18,1844
18,1804
18,1842
18,1816
18,1829
18,1813
19,1829
19,1843
19,1828
19,1823
19,1807
20,1842
20,1850
21,1813
21,1814
21,1812
21,1842
22,1804
22,1849
22,1849
22,1835
23,1811
23,1831
23,1818
23,1828
23,1806
23,1815
23,1824
24,1822
24,1820
24,1840
24,1849
24,1803
25,1810
25,1831
25,1817
25,1809
25,1804
25,1816
25,1837
25,1835
25,1818
26,1814
26,1820
27,1810
27,1846
27,1843
27,1845
27,1814
27,1848
28,1829
28,1832
28,1812
28,1848
28,1814
28,1805
28,1813
28,1802
28,1832
28,1848
29,1822
29,1847
29,1835
29,1803
29,1842
29,1848
29,1817
29,1826
29,1839
30,1835
30,1846
30,1838
30,1838
31,1817
31,1844
31,1835
31,1836
31,1806
31,1823
31,1808
31,1816
31,1837
32,1806
32,1809
33,1802
33,1847
33,1847
33,1813
34,1846
34,1821
34,1810
34,1812
35,1804
35,1840
36,1836
36,1804
36,1828
36,1836
36,1830
37,1839
37,1804
37,1820
37,1836
37,1815
38,1806
38,1820
38,1850
38,1829
38,1803
38,1826
38,1836
39,1837
39,1807
39,1849
39,1836
40,1848
41,1823
41,1805
41,1834
42,1822
42,1817
42,1848
42,1838
42,1822
42,1849
43,1838
43,1809
43,1825
43,1807
43,1836
43,1834
43,1813
43,1834
43,1822
43,1823
44,1816
44,1842
44,1838
44,1849
44,1801
44,1825
44,1842
44,1821
45,1848
45,1823
45,1815
46,1817
46,1810
46,1824
46,1804
46,1813
46,1826
46,1846
46,1809
46,1830
46,1801
47,1831
47,1839
47,1835
47,1808
47,1848
48,1801
48,1837
48,1846
48,1842
49,1809
49,1801
49,1820
49,1809
49,1822
49,1812
49,1843
49,1813
49,1847
49,1819
50,1822
50,1827
50,1808
50,1828
50,1817
50,1848
50,1805
50,1801
50,1825
51,1827
51,1834
51,1844
52,1801
52,1829
52,1841
52,1808
52,1819
52,1836
52,1803
52,1831
52,1814
52,1836
53,1808
53,1811
53,1822
53,1808
53,1817
53,1803
53,1808
53,1836
54,1826
55,1808
55,1817
55,1833
55,1817
55,1824
55,1831
55,1814
56,1845
57,1803
57,1833
57,1849
57,1838
57,1843
57,1802
57,1810
57,1848
58,1830
58,1843
58,1845
59,1801
59,1803
59,1825
60,1814
60,1822
60,1843
60,1830
61,1837
62,1801
62,1825
62,1835
62,1805
62,1811
62,1848
62,1830
62,1813
62,1827
63,1832
63,1844
63,1805
63,1838
63,1809
64,1833
64,1806
64,1803
64,1832
65,1820
65,1824
65,1826
65,1831
65,1848
65,1804
65,1825
65,1838
66,1843
66,1824
66,1813
67,1844
67,1808
67,1807
67,1835
67,1813
67,1838
67,1841
68,1824
68,1807
68,1836
68,1847
68,1843
68,1803
69,1837
69,1844
69,1805
69,1827
69,1811
69,1845
69,1847
70,1806
70,1819
70,1824
70,1823
70,1850
70,1826
71,1832
71,1846
71,1807
71,1847
71,1819
71,1826
72,1830
72,1811
72,1842
72,1812
72,1818
72,1827
73,1809
73,1850
73,1825
73,1848
73,1840
74,1841
74,1806
74,1814
74,1838
75,1821
75,1817
75,1849
75,1822
75,1828
75,1812
75,1827
76,1846
76,1807
76,1831
76,1838
76,1821
77,1823
77,1825
77,1803
77,1844
78,1838
78,1805
78,1805
78,1836
78,1811
78,1816
78,1847
78,1836
78,1843
79,1842
79,1813
79,1842
79,1807
79,1815
79,1824
79,1827
79,1835
80,1806
80,1839
80,1836
81,1811
81,1845
81,1850
81,1849
81,1847
81,1834
81,1835
81,1805
82,1836
82,1846
82,1810
82,1821
82,1841
82,1813
82,1842
82,1822
82,1830
82,1837
83,1848
84,1842
84,1804
84,1815
84,1811
84,1835
85,1834
85,1804
85,1829
85,1818
86,1845
86,1817
87,1810
87,1806
87,1819
87,1830
87,1837
88,1839
88,1836
88,1842
88,1841
88,1813
88,1806
88,1847
88,1819
88,1807
89,1822
89,1803
89,1801
89,1821
89,1836
90,1841
90,1809
90,1831
90,1817
90,1847
90,1802
91,1848
91,1829
91,1813
91,1845
91,1841
91,1806
91,1838
91,1828
92,1813
92,1832
92,1822
92,1821
92,1821
92,1820
92,1814
92,1846
92,1801
93,1817
93,1844
94,1809
94,1835
94,1846
94,1804
94,1849
95,1817
95,1842
95,1811
95,1819
95,1840
96,1833
97,1810
97,1829
97,1827
97,1802
97,1836
97,1831
98,1849
98,1820
98,1840
98,1832
98,1826
98,1806
98,1848
99,1839
99,1822
99,1801
99,1801
99,1835
99,1804
99,1841
99,1832
99,1832
100,1818
100,1802
100,1816
100,1804
100,1805
100,1844
101,1848
101,1824
101,1837
102,1833
102,1834
102,1808
103,1806
103,1842
103,1802
103,1845
103,1820
103,1802
103,1811
103,1839
104,1838
104,1826
104,1827
104,1832
104,1832
104,1826
105,1847
105,1829
105,1824
105,1849
105,1849
105,1808
105,1804
106,1809
106,1819
106,1840
106,1850
107,1822
108,1839
108,1821
108,1843
108,1832
108,1834
108,1802
108,1833
108,1828
109,1820
109,1837
110,1802
110,1825
110,1829
110,1815
110,1834
110,1803
110,1805
110,1824
110,1818
111,1847
111,1822
112,1843
113,1817
113,1833
114,1838
114,1847
114,1806
114,1828
115,1833
115,1803
115,1815
115,1829
115,1823
115,1815
115,1835
115,1843
116,1820
116,1828
116,1849
116,1801
116,1820
116,1821
116,1841
117,1814
117,1822
117,1812
117,1811
117,1845
117,1801
117,1826
118,1811
118,1839
118,1803
118,1819
118,1835
118,1829
118,1825
119,1833
120,1842
120,1826
120,1824
120,1846
120,1832
121,1848
121,1835
122,1846
122,1836
122,1824
122,1824
122,1829
122,1849
123,1842
123,1802
123,1837
123,1836
123,1812
123,1825
124,1813
124,1838
125,1824
125,1839
125,1817
125,1849
125,1813
126,1812
126,1849
126,1823
126,1823
127,1844
127,1827
127,1802
127,1819
128,1828
128,1820
128,1825
128,1814
128,1846
128,1807
129,1845
130,1811
130,1833
130,1812
130,1812
130,1829
130,1809
130,1837
130,1838
131,1810
131,1807
131,1824
131,1820
131,1849
132,1848
132,1840
132,1824
132,1806
132,1803
133,1837
133,1839
133,1823
134,1828
134,1839
134,1823
135,1845
136,1830
136,1831
136,1821
136,1807
136,1825
136,1803
136,1819
137,1815
137,1834
138,1829
138,1831
138,1829
138,1809
138,1844
138,1831
139,1839
139,1816
139,1804
139,1840
140,1815
140,1823
140,1812
141,1828
141,1819
141,1825
141,1815
141,1846
141,1838
141,1820
141,1823
141,1822
141,1830
142,1805
142,1834
142,1825
142,1835
142,1827
143,1806
143,1805
143,1846
143,1822
143,1828
143,1838
143,1808
143,1824
144,1816
144,1819
144,1817
144,1818
144,1806
144,1820
145,1805
145,1835
145,1835
145,1843
145,1824
145,1844
145,1804
146,1817
146,1830
146,1828
147,1826
147,1803
147,1837
147,1805
147,1812
147,1820
147,1840
147,1830
148,1821
148,1830
148,1813
148,1846
149,1839
149,1845
149,1810
150,1803
150,1824
150,1824
151,1809
151,1831
151,1823
151,1839
151,1841
151,1839
151,1847
152,1849
152,1842
152,1821
152,1841
152,1827
152,1804
152,1841
152,1848
152,1832
152,1817
153,1813
153,1814
153,1826
153,1817
153,1834
153,1815
153,1801
154,1801
154,1830
154,1845
154,1842
154,1804
154,1828
154,1825
154,1849
155,1828
155,1821
156,1834
156,1820
156,1848
156,1812
156,1814
156,1826
157,1823
157,1810
158,1821
158,1822
158,1815
158,1817
158,1827
158,1805
159,1824
159,1804
159,1829
159,1825
160,1809
160,1801
161,1838
161,1830
161,1834
162,1838
162,1812
163,1838
163,1846
163,1827
163,1818
163,1813
164,1828
164,1808
164,1809
164,1817
164,1818
164,1832
164,1824
165,1827
165,1807
165,1824
165,1831
165,1833
165,1841
165,1820
165,1802
165,1824
166,1814
166,1829
166,1846
166,1820
166,1846
166,1807
166,1835
166,1820
166,1850
166,1836
167,1815
167,1818
168,1831
168,1817
169,1838
169,1803
170,1836
171,1807
171,1849
171,1809
171,1803
171,1821
171,1835
171,1819
172,1811
172,1813
172,1831
172,1815
172,1803
172,1844
172,1805
172,1839
173,1802
173,1850
173,1801
173,1815
174,1830
175,1807
175,1804
175,1825
175,1818
176,1803
176,1809
176,1844
176,1807
176,1844
176,1810
176,1819
177,1830
177,1831
177,1845
178,1817
178,1809
179,1836
180,1810
180,1842
180,1823
180,1838
181,1808
181,1814
182,1803
182,1812
182,1818
182,1807
183,1824
183,1810
183,1830
183,1806
183,1817
183,1847
183,1806
183,1826
184,1837
185,1831
185,1821
185,1841
185,1822
185,1804
185,1804
186,1843
186,1845
186,1813
186,1833
186,1844
186,1849
187,1825
187,1831
188,1815
189,1825
189,1837
189,1817
189,1833
189,1842
189,1814
190,1812
190,1823
190,1801
190,1807
190,1806
190,1811
190,1806
190,1806
190,1839
191,1837
191,1837
191,1813
191,1820
191,1846
191,1838
191,1809
192,1836
192,1844
192,1832
192,1825
192,1833
192,1813
192,1836
193,1803
193,1822
193,1846
193,1816
193,1819
194,1816
194,1811
194,1806
195,1822
195,1822
195,1806
195,1820
195,1817
195,1833
196,1812
196,1850
196,1839
196,1846
196,1843
196,1835
196,1804
196,1837
197,1801
197,1828
197,1845
197,1817
197,1812
197,1812
197,1847
197,1807
197,1832
197,1814
198,1825
198,1826
198,1807
198,1843
199,1824
199,1830
199,1831
199,1845
200,1819
200,1805
201,1845
202,1848
202,1841
202,1812
202,1837
203,1832
203,1838
203,1807
203,1820
203,1809
203,1814
203,1821
203,1802
203,1834
204,1806
204,1807
204,1840
204,1802
204,1820
204,1814
204,1836
204,1820
204,1840
204,1812
205,1817
205,1846
205,1813
205,1813
205,1830
205,1806
205,1814
206,1839
207,1826
207,1802
208,1834
208,1830
208,1810
208,1804
208,1846
208,1827
209,1835
209,1828
209,1814
209,1837
209,1814
209,1820
209,1824
210,1830
210,1823
210,1837
210,1825
210,1845
210,1801
211,1806
211,1821
212,1830
212,1820
212,1841
213,1847
213,1828
213,1839
213,1844
213,1843
213,1836
213,1813
213,1840
213,1832
214,1830
214,1805
215,1808
215,1817
215,1844
215,1805
215,1850
215,1847
215,1806
215,1842
215,1826
215,1850
216,1809
216,1826
216,1849
216,1836
216,1847
216,1846
216,1849
217,1841
217,1820
217,1821
217,1844
217,1823
217,1837
217,1842
217,1802
218,1840
218,1849
218,1803
218,1823
218,1810
219,1833
219,1846
219,1824
219,1805
219,1848
220,1823
220,1808
220,1804
220,1805
221,1827
221,1824
222,1825
222,1827
222,1830
222,1838
223,1832
223,1842
224,1830
224,1802
225,1836
225,1809
225,1823
225,1804
225,1836
225,1839
225,1802
226,1816
226,1804
226,1818
226,1838
226,1819
226,1828
226,1834
226,1805
226,1824
226,1843
227,1807
227,1813
227,1834
227,1801
227,1801
227,1812
227,1831
228,1839
229,1801
230,1830
230,1834
230,1801
230,1842
230,1846
230,1836
230,1834
230,1805
230,1841
231,1840
231,1801
231,1812
231,1835
231,1846
231,1808
231,1842
232,1822
232,1826
232,1817
233,1815
233,1817
233,1820
234,1848
234,1811
234,1812
234,1818
235,1803
235,1804
235,1820
235,1827
235,1804
235,1802
235,1832
236,1848
236,1844
236,1820
236,1847
237,1811
237,1844
237,1808
237,1847
237,1804
237,1824
237,1811
237,1813
237,1817
238,1845
239,1841
239,1821
239,1849
239,1837
239,1831
239,1802
240,1815
240,1818
240,1829
240,1833
241,1827
241,1801
241,1812
241,1849
241,1844
241,1804
241,1823
241,1836
241,1843
241,1807
242,1844
242,1817
242,1818
242,1804
242,1813
242,1827
242,1813
242,1813
243,1828
243,1850
244,1845
244,1802
244,1822
244,1805
244,1840
244,1817
244,1814
244,1848
244,1802
245,1846
246,1847
246,1830
246,1832
246,1826
246,1842
246,1822
246,1832
247,1815
247,1832
247,1841
247,1835
247,1811
248,1829
248,1840
248,1844
249,1829
249,1816
249,1833
249,1843
249,1839
249,1846
249,1808
249,1829
250,1801
250,1807
251,1840
252,1817
252,1820
252,1829
252,1828
252,1844
252,1818
252,1827
252,1824
252,1802
252,1846
253,1807
253,1829
253,1819
253,1817
253,1819
253,1840
253,1805
253,1848
253,1822
254,1827
254,1845
255,1831
255,1841
255,1801
255,1839
256,1846
257,1823
257,1821
257,1827
257,1830
257,1845
257,1844
257,1848
258,1845
258,1807
258,1807
258,1832
258,1838
258,1821
258,1809
258,1845
258,1846
258,1807
259,1849
259,1850
259,1826
259,1825
259,1817
259,1821
260,1846
260,1832
260,1827
261,1817
261,1847
261,1807
261,1836
261,1825
261,1810
261,1807
261,1842
262,1814
262,1833
262,1806
262,1814
262,1842
262,1805
262,1811
263,1820
263,1839
263,1805
263,1843
263,1813
263,1804
263,1801
263,1843
264,1816
264,1847
264,1825
264,1804
264,1809
264,1813
264,1806
264,1845
265,1843
265,1847
265,1850
265,1821
265,1815
265,1844
265,1811
265,1835
266,1828
266,1822
266,1807
266,1818
267,1819
267,1811
267,1813
268,1822
268,1817
268,1845
268,1819
268,1811
269,1823
269,1848
269,1811
269,1843
269,1817
269,1817
269,1813
269,1828
269,1830
269,1825
270,1848
270,1818
271,1818
271,1850
272,1841
272,1832
272,1814
272,1843
272,1810
273,1807
273,1819
274,1849
274,1825
274,1844
274,1825
274,1809
275,1808
275,1819
275,1849
275,1836
275,1838
275,1836
275,1815
275,1823
276,1806
276,1814
276,1846
276,1840
276,1839
276,1834
277,1840
277,1806
277,1819
277,1841
277,1839
278,1806
278,1823
278,1843
278,1836
279,1823
279,1848
279,1802
279,1846
280,1840
280,1844
280,1848
280,1833
280,1836
280,1802
281,1815
281,1839
281,1807
281,1849
281,1834
282,1834
282,1839
282,1806
282,1842
282,1819
282,1818
282,1823
282,1807
282,1843
282,1816
283,1842
283,1835
283,1840
283,1805
283,1809
283,1807
283,1842
283,1811
283,1825
284,1841
284,1801
284,1841
284,1834
284,1802
284,1807
284,1840
284,1823
285,1805
285,1831
285,1838
285,1841
285,1845
286,1827
286,1827
286,1802
286,1806
286,1815
286,1806
286,1803
286,1840
286,1815
287,1825
287,1836
287,1823
287,1849
287,1805
288,1807
288,1841
288,1845
288,1811
288,1834
289,1841
289,1834
289,1825
289,1829
289,1822
289,1846
289,1824
290,1838
290,1817
290,1807
291,1815
291,1806
291,1822
291,1845
291,1833
291,1804
291,1834
291,1809
292,1825
292,1833
292,1807
293,1834
293,1828
293,1821
293,1842
293,1818
293,1805
293,1810
293,1849
293,1821
294,1815
294,1817
294,1845
295,1849
295,1825
295,1801
295,1804
295,1832
296,1817
296,1837
296,1802
297,1841
297,1829
298,1840
298,1844
298,1815
298,1827
298,1805
298,1812
298,1819
298,1832
299,1840
299,1804
299,1821
299,1845
299,1827
299,1830
299,1844
299,1822
300,1808
300,1812
301,1802
301,1817
301,1842
301,1834
301,1803
301,1824
301,1810
301,1804
301,1850
302,1827
302,1846
302,1823
302,1812
302,1840
302,1812
303,1831
303,1820
304,1842
304,1849
304,1819
304,1846
304,1849
304,1824
304,1849
305,1824
305,1817
306,1821
306,1845
306,1849
306,1801
306,1827
306,1834
306,1801
306,1826
306,1808
306,1823
307,1802
307,1813
307,1827
307,1803
307,1802
307,1812
307,1801
307,1839
307,1804
308,1845
308,1810
308,1844
309,1801
309,1830
309,1843
309,1849
309,1817
309,1823
310,1836
311,1822
311,1807
311,1846
311,1822
311,1832
311,1803
311,1803
312,1819
312,1833
312,1823
312,1844
312,1826
312,1839
313,1820
313,1811
313,1807
313,1845
313,1807
313,1818
313,1843
313,1844
314,1833
314,1813
314,1802
314,1815
314,1847
315,1802
316,1815
316,1846
316,1845
316,1836
316,1845
317,1828
317,1825
317,1813
317,1835
317,1801
317,1808
317,1813
317,1804
317,1817
318,1820
318,1806
318,1804
318,1830
318,1843
318,1840
318,1830
318,1811
318,1847
318,1847
319,1838
319,1839
319,1838
319,1827
319,1842
319,1833
319,1828
319,1843
320,1830
321,1816
321,1833
321,1832
321,1826
321,1845
321,1815
321,1820
321,1830
322,1820
322,1849
322,1818
322,1846
323,1826
323,1838
323,1850
323,1806
323,1803
323,1837
323,1814
323,1823
323,1816
324,1810
324,1834
324,1823
324,1804
324,1836
324,1812
324,1832
325,1847
325,1836
326,1838
326,1813
327,1815
327,1815
327,1850
327,1824
327,1812
327,1844
327,1833
327,1840
327,1816
327,1805
328,1824
328,1802
328,1803
328,1801
328,1820
329,1831
329,1835
329,1849
329,1846
329,1841
329,1849
330,1802
330,1848
330,1812
330,1822
330,1828
330,1849
330,1838
331,1823
331,1804
331,1818
331,1849
331,1830
331,1836
331,1825
331,1840
331,1825
331,1820
332,1840
332,1846
333,1833
333,1821
334,1834
334,1816
334,1840
335,1806
335,1844
335,1814
335,1819
336,1802
336,1803
336,1809
336,1828
337,1812
337,1845
337,1837
337,1832
337,1823
337,1845
337,1822
337,1828
337,1839
338,1815
338,1839
338,1847
338,1829
338,1817
339,1813
339,1817
339,1807
339,1807
339,1837
339,1822
340,1841
340,1837
340,1838
341,1812
341,1806
341,1823
341,1843
341,1840
342,1846
342,1811
342,1836
342,1838
342,1821
342,1840
343,1842
343,1811
343,1836
343,1810
343,1810
343,1827
343,1828
344,1833
344,1827
345,1832
345,1810
345,1836
345,1847
345,1825
345,1816
345,1832
345,1807
346,1825
346,1822
346,1843
346,1829
346,1829
346,1839
346,1825
347,1810
347,1842
347,1803
348,1819
348,1826
348,1832
348,1817
348,1836
348,1840
348,1809
348,1829
349,1815
349,1802
349,1816
349,1820
349,1818
349,1819
349,1829
349,1806
349,1806
349,1840
350,1812
350,1807
350,1835
350,1808
350,1843
350,1834
350,1828
351,1818
351,1849
351,1801
351,1805
352,1826
352,1817
352,1844
352,1807
352,1841
352,1803
352,1848
352,1818
352,1824
352,1802
353,1847
353,1849
354,1819
354,1811
355,1836
355,1830
355,1820
355,1832
355,1812
355,1808
356,1827
356,1840
356,1834
357,1832
357,1808
357,1834
357,1804
357,1801
357,1842
358,1849
358,1850
358,1828
358,1849
358,1847
359,1840
359,1807
359,1847
359,1802
359,1850
359,1825
360,1812
360,1850
360,1825
360,1844
361,1806
361,1828
361,1810
361,1801
361,1817
362,1827
362,1812
362,1816
363,1812
363,1813
363,1832
363,1849
363,1815
363,1844
363,1844
364,1822
364,1811
364,1819
364,1826
364,1833
364,1838
364,1848
364,1845
364,1831
365,1823
366,1806
367,1849
367,1823
367,1817
367,1810
367,1850
367,1816
367,1807
367,1845
368,1804
368,1840
369,1843
369,1804
369,1819
369,1810
369,1821
369,1828
369,1805
369,1805
370,1850
370,1849
370,1846
370,1805
370,1803
370,1836
370,1840
370,1808
371,1809
372,1834
373,1824
373,1803
373,1832
373,1809
373,1807
373,1809
373,1818
373,1835
373,1801
374,1813
374,1825
374,1811
374,1832
374,1828
375,1802
375,1843
375,1842
375,1844
375,1807
375,1843
375,1827
376,1817
376,1814
376,1846
376,1829
376,1837
376,1834
376,1824
376,1848
376,1838
376,1839
377,1822
377,1812
377,1823
377,1824
377,1843
377,1841
377,1832
377,1808
377,1817
377,1840
378,1829
378,1816
378,1822
378,1814
378,1829
378,1820
378,1844
378,1840
378,1845
379,1822
379,1804
379,1817
379,1817
379,1819
379,1803
380,1823
380,1849
380,1811
381,1827
382,1839
382,1825
383,1836
384,1832
384,1823
384,1833
384,1846
384,1843
385,1846
385,1812
385,1813
385,1850
385,1822
385,1830
386,1827
386,1805
386,1832
386,1839
386,1806
386,1823
387,1810
387,1831
387,1833
387,1828
388,1801
388,1846
388,1828
388,1828
389,1838
389,1830
389,1835
389,1832
390,1804
390,1850
390,1835
390,1841
391,1809
391,1848
391,1809
391,1847
391,1844
391,1849
391,1804
391,1839
391,1833
392,1830
392,1812
392,1808
393,1823
393,1818
393,1841
393,1830
393,1825
393,1816
393,1806
394,1831
394,1846
394,1829
394,1805
395,1805
395,1814
395,1816
395,1813
395,1807
396,1844
397,1832
397,1846
397,1838
397,1810
397,1817
397,1817
397,1846
397,1823
397,1810
398,1840
398,1822
398,1843
398,1822
399,1842
399,1850
400,1808
400,1825
400,1804
401,1816
401,1803
402,1811
402,1847
402,1816
402,1835
402,1805
402,1809
402,1813
402,1810
403,1821
404,1832
404,1822
404,1831
404,1842
405,1811
405,1805
405,1813
405,1809
405,1804
405,1839
405,1831
405,1840
406,1843
406,1807
406,1805
406,1824
406,1834
406,1832
406,1810
406,1834
407,1820
407,1809
407,1819
407,1823
407,1847
407,1807
407,1841
407,1808
408,1822
408,1834
408,1850
408,1849
408,1811
408,1801
408,1812
408,1801
409,1830
410,1811
410,1827
410,1821
411,1849
411,1838
411,1830
411,1850
411,1814
411,1803
411,1824
411,1830
412,1837
412,1810
412,1804
412,1835
412,1841
412,1816
412,1836
412,1822
412,1817
412,1817
413,1804
414,1825
414,1816
414,1819
414,1832
414,1809
414,1825
415,1821
415,1848
416,1833
416,1805
416,1837
416,1828
416,1839
416,1811
416,1811
416,1830
416,1820
417,1828
418,1831
419,1832
419,1843
419,1845
419,1825
419,1803
419,1815
420,1813
420,1823
420,1844
420,1846
420,1816
420,1847
421,1831
422,1808
422,1845
422,1818
422,1811
422,1821
422,1837
422,1815
422,1837
422,1813
422,1822
423,1835
423,1823
423,1832
423,1844
423,1826
423,1804
424,1815
424,1804
424,1808
424,1830
424,1815
424,1847
425,1826
425,1830
425,1818
426,1831
426,1822
426,1824
426,1825
426,1824
427,1830
428,1828
428,1805
428,1812
428,1815
428,1847
429,1813
429,1815
429,1825
429,1826
429,1812
429,1842
430,1812
430,1816
430,1828
430,1825
430,1812
431,1812
431,1825
431,1822
431,1821
431,1829
431,1812
432,1848
433,1836
433,1828
433,1805
433,1803
433,1840
433,1813
433,1819
433,1835
434,1804
434,1846
434,1815
434,1843
434,1822
435,1818
435,1827
435,1844
435,1815
435,1842
435,1817
436,1848
436,1814
436,1810
436,1823
436,1841
436,1839
436,1805
436,1811
437,1837
438,1810
438,1809
438,1834
438,1837
438,1844
438,1824
438,1843
438,1830
438,1837
438,1847
439,1832
439,1836
439,1835
439,1826
439,1819
439,1801
440,1829
440,1810
440,1809
440,1802
440,1804
440,1848
440,1805
440,1817
440,1818
440,1802
441,1843
441,1841
441,1844
441,1814
441,1812
441,1830
442,1816
442,1847
442,1841
442,1817
442,1822
442,1802
443,1849
443,1832
443,1814
443,1850
443,1827
444,1832
444,1840
444,1806
444,1813
445,1819
445,1827
446,1807
447,1836
447,1824
447,1837
447,1813
447,1814
447,1819
447,1841
447,1821
447,1838
447,1821
448,1809
449,1813
449,1827
449,1837
449,1848
449,1830
449,1832
450,1811
450,1807
450,1850
451,1830
451,1840
451,1821
451,1845
451,1835
451,1808
451,1829
451,1830
452,1825
452,1831
452,1826
452,1806
452,1839
452,1833
452,1848
452,1805
453,1818
454,1808
455,1822
455,1811
455,1819
455,1823
456,1849
456,1835
456,1822
456,1842
457,1831
457,1827
457,1843
457,1808
457,1828
457,1829
458,1816
458,1816
459,1826
459,1817
459,1847
459,1826
460,1839
460,1835
460,1806
460,1837
460,1845
460,1807
461,1840
461,1837
461,1824
461,1839
461,1811
461,1820
462,1807
462,1848
462,1808
463,1840
463,1848
463,1812
464,1837
464,1833
464,1840
464,1810
464,1843
464,1842
464,1850
464,1819
464,1836
465,1838
466,1836
466,1835
466,1831
466,1832
466,1821
466,1820
466,1825
466,1837
467,1821
467,1834
467,1844
467,1801
467,1841
468,1818
469,1809
469,1802
469,1847
469,1850
469,1818
469,1802
469,1850
469,1806
470,1843
470,1807
470,1839
470,1843
470,1820
470,1808
470,1830
470,1823
471,1847
471,1847
471,1847
471,1824
471,1838
471,1813
471,1850
471,1807
471,1818
471,1817
472,1842
472,1830
472,1828
472,1824
472,1846
473,1839
473,1844
473,1826
473,1823
474,1816
475,1838
475,1816
475,1842
475,1823
475,1834
475,1801
475,1804
476,1840
476,1817
476,1840
476,1828
476,1841
476,1822
477,1828
477,1813
478,1810
479,1801
479,1832
479,1836
479,1838
479,1820
479,1805
479,1836
479,1833
479,1817
479,1806
480,1849
480,1849
480,1816
480,1813
480,1829
480,1849
480,1815
480,1843
480,1817
481,1848
481,1845
481,1841
481,1822
481,1801
482,1822
482,1809
482,1836
483,1835
483,1824
483,1835
483,1823
483,1834
483,1844
484,1829
484,1816
484,1828
484,1836
484,1829
484,1835
485,1846
485,1847
485,1829
485,1839
485,1847
485,1813
485,1831
485,1809
485,1832
486,1818
486,1826
486,1818
486,1821
487,1811
487,1845
487,1844
487,1826
487,1812
487,1818
488,1835
488,1846
489,1836
489,1808
489,1818
490,1850
490,1826
490,1843
491,1802
491,1830
491,1816
491,1807
491,1846
491,1850
491,1801
491,1834
491,1845
491,1835
492,1806
492,1846
492,1819
492,1808
492,1843
492,1805
492,1836
493,1815
493,1828
493,1813
493,1825
493,1828
494,1838
494,1848
494,1809
495,1850
496,1810
496,1850
496,1848
496,1816
496,1815
496,1842
497,1813
497,1850
498,1840
498,1825
498,1806
498,1843
499,1840
499,1801
499,1813
499,1819
499,1808
499,1812
500,1811
501,1824
501,1802
501,1823
501,1818
501,1816
502,1845
503,1839
503,1812
503,1828
503,1825
504,1806
504,1841
504,1805
504,1811
504,1846
504,1821
505,1820
505,1825
505,1805
505,1828
505,1839
505,1811
505,1815
505,1829
505,1813
506,1848
506,1804
506,1814
506,1842
506,1842
506,1845
506,1823
506,1814
506,1848
506,1828
507,1839
507,1801
507,1847
507,1825
507,1827
508,1830
508,1842
508,1841
508,1848
508,1808
508,1847
508,1844
508,1836
508,1820
508,1817
509,1818
509,1805
509,1814
510,1828
510,1820
510,1834
511,1823
511,1844
511,1838
511,1808
511,1847
511,1839
511,1832
511,1804
511,1837
512,1814
513,1833
513,1809
513,1809
513,1804
513,1821
513,1833
513,1806
513,1815
513,1850
513,1848
514,1820
514,1819
514,1830
514,1811
514,1850
515,1835
515,1836
516,1832
516,1832
516,1809
516,1848
516,1818
516,1822
517,1810
517,1838
517,1850
517,1803
518,1805
518,1801
519,1825
519,1840
519,1844
520,1811
520,1821
520,1807
520,1809
520,1847
520,1802
520,1821
520,1801
520,1825
520,1848
521,1846
521,1846
521,1804
521,1841
521,1843
521,1825
522,1805
522,1825
522,1810
522,1820
522,1826
522,1826
522,1847
522,1812
522,1847
522,1832
523,1826
523,1838
523,1820
523,1825
524,1825
525,1817
525,1816
525,1809
525,1807
525,1804
525,1817
526,1837
527,1810
527,1824
528,1842
528,1817
528,1802
529,1846
529,1815
529,1801
529,1847
529,1816
529,1839
529,1815
530,1845
530,1848
530,1805
530,1810
530,1842
530,1837
530,1802
530,1840
530,1812
530,1821
531,1830
531,1806
531,1839
531,1839
531,1837
531,1802
531,1841
531,1845
532,1821
533,1843
533,1823
533,1850
533,1838
533,1836
534,1829
535,1839
535,1850
535,1807
535,1810
535,1811
535,1843
536,1839
536,1808
536,1805
536,1808
536,1848
536,1809
536,1808
537,1807
538,1835
539,1828
539,1826
539,1816
539,1803
539,1826
539,1838
539,1847
539,1844
539,1814
540,1816
540,1815
540,1802
540,1802
540,1833
540,1830
540,1842
540,1812
541,1841
541,1845
541,1822
541,1848
541,1824
541,1840
541,1814
541,1806
541,1818
541,1821
542,1801
542,1807
542,1821
542,1832
542,1841
542,1832
542,1811
542,1838
542,1811
542,1810
543,1847
543,1801
543,1832
543,1801
543,1823
543,1830
543,1802
543,1822
543,1831
544,1839
544,1814
544,1834
544,1832
544,1838
545,1825
545,1801
545,1810
545,1814
545,1843
545,1823
545,1848
545,1818
546,1818
546,1807
546,1825
546,1838
547,1819
547,1828
547,1837
547,1823
548,1802
548,1839
548,1848
548,1817
548,1823
548,1806
548,1809
549,1819
549,1839
549,1834
549,1829
549,1814
550,1806
550,1835
550,1843
550,1838
550,1829
551,1803
551,1815
551,1825
551,1846
551,1806
551,1832
551,1807
551,1805
551,1839
552,1811
552,1815
552,1837
552,1816
552,1816
553,1845
553,1819
553,1817
554,1826
554,1836
554,1804
554,1846
554,1840
554,1809
554,1830
554,1838
554,1817
555,1807
555,1817
555,1845
555,1818
555,1810
555,1813
555,1808
555,1842
555,1831
555,1842
556,1812
556,1829
556,1814
556,1807
556,1817
557,1834
557,1849
557,1835
558,1818
559,1832
559,1824
559,1806
559,1820
559,1821
559,1821
559,1814
559,1845
559,1833
560,1803
561,1847
561,1822
561,1828
561,1807
561,1831
561,1835
561,1801
561,1832
561,1820
561,1810
562,1833
562,1808
562,1823
562,1829
562,1814
562,1831
562,1814
562,1802
562,1810
562,1837
563,1826
563,1831
563,1827
563,1808
563,1839
563,1827
563,1804
564,1834
564,1844
564,1802
564,1838
565,1821
565,1813
565,1808
565,1803
565,1813
565,1843
565,1839
565,1842
566,1831
566,1846
566,1822
567,1812
567,1802
567,1833
567,1847
567,1814
567,1839
567,1808
567,1819
568,1838
568,1813
568,1826
568,1821
568,1827
568,1838
568,1839
568,1844
569,1836
569,1822
569,1804
569,1846
570,1824
570,1810
570,1846
570,1838
570,1836
570,1807
570,1808
570,1818
571,1846
571,1816
571,1848
571,1833
571,1844
571,1822
571,1819
572,1817
572,1834
573,1829
573,1814
573,1810
573,1839
573,1831
574,1832
574,1832
575,1828
575,1803
575,1813
575,1846
575,1836
575,1808
575,1814
575,1838
575,1842
576,1841
576,1829
577,1803
577,1824
577,1850
577,1819
577,1837
577,1830
577,1814
578,1850
579,1839
579,1819
579,1811
579,1843
579,1850
580,1826
580,1802
580,1814
580,1845
580,1846
580,1829
580,1834
580,1801
580,1812
581,1814
582,1810
582,1805
582,1840
582,1838
583,1805
583,1841
583,1842
583,1832
584,1813
584,1822
585,1816
585,1846
585,1814
585,1820
585,1841
585,1827
585,1824
585,1809
585,1806
586,1837
586,1838
586,1849
586,1811
586,1804
586,1828
586,1812
586,1825
586,1837
586,1842
587,1849
587,1837
587,1838
587,1841
587,1808
587,1809
587,1825
587,1817
587,1845
587,1832
588,1844
588,1829
589,1850
589,1803
589,1819
590,1826
590,1829
590,1841
590,1839
590,1819
590,1814
590,1803
590,1844
591,1823
591,1847
591,1843
591,1808
591,1819
591,1806
591,1812
591,1818
591,1803
591,1841
592,1840
592,1848
593,1845
593,1810
593,1831
593,1838
594,1811
594,1803
594,1824
594,1829
594,1809
595,1813
595,1812
596,1827
596,1809
596,1811
596,1817
596,1810
596,1802
596,1845
596,1835
596,1824
597,1815
597,1816
597,1831
597,1850
597,1817
597,1845
597,1833
597,1842
597,1830
597,1832
598,1830
598,1849
598,1812
598,1806
598,1814
598,1837
598,1801
598,1802
599,1806
599,1816
599,1824
599,1847
599,1841
599,1809
599,1810
599,1839
599,1835
599,1826
600,1825
600,1804
600,1814
600,1821
600,1850
600,1820
600,1825
601,1803
601,1822
601,1808
601,1838
601,1823
601,1803
601,1836
601,1816
601,1838
602,1804
602,1809
602,1832
603,1804
603,1822
603,1834
603,1843
603,1820
603,1814
603,1834
603,1834
603,1846
603,1844
604,1823
604,1811
604,1802
604,1832
604,1847
604,1824
604,1816
605,1801
605,1816
606,1847
606,1842
606,1809
606,1802
606,1806
606,1827
606,1810
606,1816
607,1807
607,1803
607,1848
608,1823
608,1817
608,1819
608,1829
608,1833
608,1807
609,1839
609,1827
609,1823
609,1825
609,1849
609,1842
609,1850
609,1840
610,1802
611,1815
611,1823
611,1821
611,1816
611,1828
611,1809
612,1831
612,1804
612,1845
612,1812
613,1848
613,1839
613,1847
613,1838
613,1845
613,1821
613,1821
613,1826
613,1811
613,1836
614,1837
614,1803
614,1821
614,1843
614,1840
614,1810
614,1838
614,1814
615,1826
615,1832
615,1812
615,1840
615,1823
615,1822
615,1818
615,1828
615,1833
615,1813
616,1838
616,1850
616,1813
616,1811
616,1816
616,1808
616,1849
617,1838
618,1845
618,1826
618,1806
618,1824
618,1807
618,1840
619,1835
619,1809
619,1806
619,1846
619,1813
619,1826
619,1809
619,1845
620,1801
620,1804
620,1836
620,1846
620,1825
620,1805
621,1801
621,1822
621,1832
622,1829
623,1828
623,1808
623,1825
623,1816
623,1836
623,1806
623,1810
623,1838
623,1833
623,1802
624,1850
624,1820
624,1828
624,1803
624,1811
625,1849
625,1844
625,1850
625,1821
625,1802
625,1848
625,1848
626,1803
626,1808
626,1834
626,1820
626,1821
626,1819
627,1823
627,1837
627,1802
628,1840
628,1827
628,1818
628,1819
628,1838
628,1810
628,1819
629,1848
629,1807
629,1828
630,1841
630,1823
630,1808
630,1825
630,1846
630,1808
630,1828
630,1844
631,1823
631,1819
631,1832
631,1837
631,1831
631,1803
631,1806
632,1815
632,1815
632,1805
632,1844
632,1824
633,1811
633,1847
633,1830
634,1811
634,1835
635,1802
635,1822
636,1820
636,1831
636,1846
636,1812
636,1823
636,1807
637,1803
637,1830
637,1850
637,1850
637,1812
637,1822
637,1831
637,1850
637,1822
637,1842
638,1830
638,1810
638,1843
638,1849
638,1804
638,1835
638,1807
639,1810
639,1808
639,1834
639,1841
640,1850
640,1804
640,1810
640,1803
641,1824
641,1845
641,1831
641,1827
641,1807
642,1827
642,1849
642,1823
642,1811
642,1838
643,1844
643,1842
643,1834
643,1803
643,1809
644,1849
644,1826
644,1832
644,1819
644,1846
644,1801
645,1829
645,1849
645,1822
645,1845
646,1847
646,1824
647,1808
648,1823
648,1817
648,1801
648,1845
648,1814
648,1806
649,1825
649,1836
649,1808
649,1843
649,1844
650,1832
650,1807
650,1850
650,1840
650,1812
650,1820
650,1841
651,1832
651,1830
651,1840
651,1844
651,1840
651,1825
651,1832
651,1812
651,1838
651,1836
652,1838
652,1838
652,1807
652,1835
652,1822
653,1829
653,1812
653,1816
653,1806
653,1816
653,1805
653,1822
654,1827
654,1846
655,1829
655,1815
655,1837
655,1849
655,1806
655,1820
655,1808
655,1801
655,1842
656,1842
656,1837
656,1814
656,1804
656,1811
656,1836
656,1820
656,1818
657,1849
657,1801
657,1825
657,1804
658,1818
658,1839
658,1825
658,1850
658,1839
658,1838
658,1845
658,1802
659,1824
659,1803
659,1814
659,1842
659,1812
660,1821
660,1808
660,1840
661,1830
661,1848
661,1829
661,1806
662,1829
662,1831
662,1843
662,1821
662,1835
663,1845
663,1832
663,1808
663,1811
663,1817
663,1801
664,1811
664,1838
664,1846
664,1817
665,1847
665,1829
665,1817
665,1811
665,1803
665,1804
665,1822
666,1840
666,1831
666,1833
666,1811
666,1815
666,1807
666,1834
666,1834
666,1832
667,1822
667,1826
667,1828
667,1815
667,1816
667,1825
667,1813
667,1849
667,1833
667,1818
668,1821
668,1822
668,1811
668,1835
668,1845
668,1802
668,1827
669,1827
669,1833
669,1845
670,1818
670,1808
670,1803
670,1807
670,1849
670,1828
670,1820
670,1849
670,1814
670,1825
671,1819
671,1824
671,1836
671,1839
671,1835
671,1825
671,1844
671,1820
671,1832
671,1844
672,1812
672,1830
672,1839
672,1832
672,1808
672,1807
672,1814
672,1819
672,1810
672,1833
673,1811
673,1822
673,1805
673,1830
673,1813
673,1809
673,1831
674,1822
674,1832
674,1839
674,1826
674,1820
675,1807
675,1822
675,1839
675,1820
675,1820
675,1811
675,1819
675,1809
675,1847
676,1825
676,1818
676,1801
676,1845
676,1843
676,1824
676,1844
677,1844
677,1820
678,1845
678,1807
678,1844
678,1811
678,1834
678,1824
678,1813
679,1816
679,1841
679,1841
679,1837
679,1846
679,1840
680,1829
681,1826
682,1814
682,1812
682,1807
683,1807
683,1821
684,1810
685,1835
685,1803
685,1842
686,1849
686,1840
686,1821
686,1824
686,1832
686,1813
686,1803
687,1836
687,1830
687,1822
687,1836
687,1825
687,1819
687,1804
687,1845
687,1833
688,1814
688,1822
688,1842
688,1808
688,1818
689,1842
689,1806
689,1814
689,1844
689,1813
689,1816
689,1841
689,1802
690,1825
690,1850
690,1811
691,1820
691,1841
691,1850
691,1834
691,1838
691,1850
691,1849
692,1830
692,1849
692,1809
693,1832
693,1846
693,1817
693,1821
693,1816
693,1822
694,1833
694,1815
694,1829
694,1808
694,1815
694,1844
694,1811
694,1831
695,1849
695,1832
695,1848
695,1839
695,1840
695,1835
695,1825
695,1830
695,1817
696,1849
696,1828
696,1816
696,1842
696,1832
696,1812
696,1818
697,1808
697,1830
697,1846
697,1823
697,1830
698,1829
698,1816
698,1802
698,1807
698,1818
698,1807
699,1828
699,1839
699,1812
699,1838
699,1839
699,1843
699,1846
699,1827
699,1815
699,1815
700,1828
700,1807
700,1819
700,1821
700,1833
700,1835
700,1808
700,1811
701,1826
701,1836
702,1816
702,1843
702,1825
702,1833
702,1826
703,1841
703,1837
703,1840
703,1816
703,1803
703,1805
703,1805
703,1835
703,1825
703,1840
704,1835
704,1833
705,1844
705,1848
705,1816
705,1802
705,1838
705,1844
705,1831
706,1849
706,1843
706,1842
706,1829
706,1847
706,1843
706,1811
706,1804
706,1819
706,1803
707,1837
707,1820
707,1810
707,1803
707,1835
707,1840
707,1850
707,1817
707,1821
708,1841
708,1818
708,1828
708,1849
708,1812
708,1836
708,1843
708,1805
708,1816
708,1845
709,1835
709,1802
709,1832
709,1830
710,1823
710,1836
711,1818
711,1802
711,1802
711,1839
711,1807
711,1827
711,1849
711,1819
711,1848
712,1834
712,1807
712,1810
712,1843
713,1808
713,1826
713,1828
713,1826
713,1813
714,1836
714,1843
714,1816
714,1823
714,1846
715,1807
715,1807
715,1847
715,1820
715,1829
715,1807
715,1849
715,1850
715,1805
715,1829
716,1802
716,1829
716,1828
716,1836
716,1821
717,1814
717,1807
717,1807
718,1825
718,1811
718,1812
718,1824
718,1842
718,1806
718,1816
718,1833
718,1839
719,1823
719,1815
720,1835
720,1839
721,1811
721,1835
721,1827
721,1804
722,1810
722,1825
722,1831
723,1849
723,1812
724,1843
725,1848
725,1801
725,1844
726,1812
726,1845
726,1818
726,1848
726,1816
727,1822
727,1831
727,1810
727,1804
727,1841
727,1848
727,1826
727,1811
728,1843
728,1801
728,1849
728,1801
728,1830
728,1836
728,1813
728,1850
728,1834
729,1808
729,1842
729,1819
730,1806
730,1820
730,1848
730,1844
730,1824
730,1848
731,1834
731,1839
731,1840
731,1816
731,1809
731,1845
732,1832
732,1844
733,1849
733,1809
733,1848
733,1831
733,1837
733,1806
733,1823
733,1845
734,1811
734,1831
734,1849
734,1813
734,1829
735,1825
735,1806
735,1849
735,1815
735,1837
735,1807
735,1805
735,1832
735,1810
736,1845
736,1832
736,1837
736,1832
736,1842
736,1820
736,1847
736,1834
736,1830
737,1822
738,1833
738,1821
738,1822
738,1840
738,1804
738,1823
739,1820
739,1825
739,1849
739,1844
740,1803
740,1844
740,1816
740,1848
740,1828
740,1835
740,1836
740,1827
740,1850
741,1823
742,1848
742,1834
742,1845
742,1801
743,1805
743,1817
743,1847
743,1808
743,1801
743,1805
743,1842
743,1838
743,1841
743,1842
744,1813
744,1831
744,1806
744,1829
744,1836
744,1838
744,1835
744,1823
745,1845
745,1840
745,1815
745,1845
745,1819
745,1806
745,1831
745,1822
746,1825
746,1840
746,1848
746,1810
746,1850
746,1806
746,1846
746,1818
747,1809
747,1837
747,1827
747,1802
748,1849
748,1838
748,1802
748,1828
748,1850
748,1803
749,1815
749,1836
749,1808
749,1839
749,1813
749,1829
749,1809
749,1849
749,1817
749,1835
750,1806
750,1829
750,1831
750,1822
750,1838
750,1848
750,1830
750,1821
750,1830
750,1814
751,1844
751,1831
751,1830
751,1813
751,1833
751,1825
751,1850
751,1842
751,1830
752,1843
752,1827
753,1826
753,1827
754,1809
754,1832
754,1820
754,1843
755,1804
755,1810
755,1848
756,1831
756,1834
756,1819
756,1821
756,1836
756,1844
756,1813
756,1838
756,1840
757,1850
757,1850
757,1836
757,1824
757,1810
757,1840
757,1819
757,1816
758,1802
759,1832
759,1841
759,1847
759,1829
759,1840
759,1816
759,1819
759,1819
759,1820
759,1821
760,1824
760,1830
760,1815
760,1807
761,1831
761,1813
761,1832
761,1834
761,1822
761,1803
761,1833
761,1825
761,1828
761,1805
762,1850
762,1810
762,1804
762,1827
762,1836
763,1843
763,1850
763,1839
763,1832
763,1825
763,1828
763,1820
764,1809
764,1848
764,1803
764,1804
764,1804
764,1823
764,1813
764,1830
764,1849
764,1836
765,1804
765,1819
765,1824
765,1811
765,1830
765,1822
765,1837
765,1829
765,1843
765,1826
766,1803
766,1809
766,1828
766,1815
766,1829
766,1810
766,1849
767,1807
767,1833
767,1843
767,1841
768,1847
768,1834
768,1810
768,1803
769,1839
769,1804
769,1836
770,1805
770,1809
770,1834
770,1850
770,1834
770,1850
771,1827
771,1847
771,1843
771,1841
771,1829
771,1845
772,1820
772,1842
772,1824
772,1801
772,1850
772,1808
772,1830
772,1808
773,1816
773,1834
774,1829
774,1816
774,1821
775,1829
775,1848
775,1820
775,1830
775,1824
775,1838
776,1819
776,1834
776,1834
776,1822
776,1836
776,1804
776,1850
776,1822
776,1850
776,1816
777,1838
777,1811
777,1839
777,1824
777,1840
777,1825
777,1809
777,1835
777,1834
777,1832
778,1811
779,1817
779,1805
779,1817
779,1847
780,1815
780,1818
780,1824
780,1826
780,1837
780,1834
780,1832
780,1803
780,1808
780,1848
781,1816
781,1834
781,1802
781,1805
782,1817
782,1840
782,1848
783,1813
783,1834
783,1803
783,1842
783,1804
783,1848
783,1837
783,1826
783,1828
784,1847
784,1850
784,1813
785,1846
786,1809
786,1848
786,1850
786,1808
786,1818
787,1818
788,1850
788,1838
788,1830
788,1819
788,1835
788,1849
788,1841
788,1847
788,1806
789,1839
789,1804
789,1823
789,1807
789,1837
789,1842
789,1845
789,1828
789,1812
790,1841
790,1840
790,1802
790,1850
790,1824
790,1848
790,1810
790,1848
790,1811
790,1808
791,1830
791,1846
791,1839
792,1803
792,1811
792,1837
792,1845
793,1830
793,1848
793,1849
793,1816
793,1837
794,1811
794,1833
794,1822
795,1824
795,1832
795,1840
795,1824
796,1805
796,1842
796,1831
796,1833
796,1818
796,1819
796,1810
796,1820
796,1837
796,1826
797,1822
798,1826
799,1826
799,1826
799,1836
799,1814
799,1806
799,1809
799,1803
800,1850
800,1839
800,1844
800,1848
800,1844
800,1844
800,1830
801,1825
801,1836
801,1850
801,1808
801,1816
801,1847
801,1810
801,1840
801,1816
801,1813
802,1812
802,1802
803,1810
803,1822
803,1847
803,1822
804,1825
804,1834
805,1831
805,1827
805,1829
805,1821
805,1819
805,1828
805,1806
805,1804
806,1837
807,1829
807,1814
807,1808
807,1846
807,1846
807,1802
807,1823
807,1806
807,1816
807,1830
808,1821
809,1825
809,1828
809,1832
809,1802
809,1815
809,1829
810,1839
810,1806
810,1806
810,1826
810,1827
811,1813
811,1823
811,1812
811,1820
811,1847
811,1848
811,1847
811,1826
812,1850
812,1830
812,1803
812,1807
812,1808
812,1844
813,1804
813,1821
814,1812
814,1818
814,1831
815,1816
815,1830
815,1848
815,1804
815,1801
815,1803
816,1809
816,1818
817,1840
817,1805
817,1827
818,1802
818,1835
818,1829
818,1836
818,1829
818,1850
819,1823
819,1804
819,1807
819,1821
819,1843
819,1813
820,1832
821,1838
821,1834
821,1801
822,1809
822,1850
822,1822
822,1806
822,1843
822,1814
822,1837
823,1832
823,1818
823,1807
823,1812
823,1821
823,1801
823,1846
823,1838
823,1847
823,1841
824,1808
824,1845
825,1845
825,1834
825,1831
825,1831
825,1844
825,1805
825,1815
826,1846
826,1810
826,1805
827,1821
827,1805
827,1846
827,1803
827,1810
827,1850
827,1827
827,1802
827,1850
827,1821
828,1812
829,1828
829,1802
829,1829
829,1828
829,1840
830,1816
830,1823
830,1836
830,1808
830,1816
831,1850
831,1845
831,1806
831,1844
831,1826
832,1846
832,1832
832,1828
832,1808
832,1819
833,1827
833,1822
833,1814
833,1840
833,1802
833,1843
833,1804
833,1842
834,1845
835,1825
835,1834
835,1801
835,1809
835,1824
835,1823
836,1824
836,1829
837,1843
837,1841
837,1817
837,1808
837,1840
837,1844
837,1811
837,1824
837,1811
838,1802
838,1826
838,1848
838,1822
838,1834
838,1804
838,1801
839,1807
839,1803
839,1821
839,1809
839,1831
839,1819
839,1816
839,1821
840,1848
840,1802
840,1835
840,1812
840,1815
840,1801
840,1804
840,1848
841,1840
841,1825
841,1833
842,1838
842,1829
843,1815
843,1850
843,1840
843,1846
843,1838
843,1832
843,1807
844,1830
844,1847
844,1805
844,1841
845,1838
845,1816
845,1832
846,1836
846,1816
847,1830
847,1805
847,1829
847,1827
847,1839
847,1802
847,1816
848,1826
848,1827
848,1829
848,1838
848,1802
849,1841
849,1809
849,1837
849,1828
849,1819
849,1825
849,1802
849,1836
850,1824
851,1836
851,1812
851,1801
851,1814
851,1808
851,1843
851,1843
851,1837
851,1844
851,1814
852,1837
852,1832
853,1848
853,1822
853,1814
853,1816
853,1841
853,1842
853,1850
854,1850
854,1826
854,1841
854,1833
854,1834
854,1803
854,1833
855,1820
855,1821
855,1839
855,1850
855,1819
855,1824
855,1828
855,1825
856,1830
856,1834
856,1842
856,1811
856,1838
856,1836
856,1838
856,1807
856,1843
856,1841
857,1807
857,1809
857,1823
857,1844
857,1844
857,1805
857,1831
857,1811
858,1820
858,1832
858,1824
859,1850
859,1821
859,1833
859,1833
859,1805
860,1849
860,1831
860,1845
860,1817
860,1817
860,1825
860,1810
860,1821
860,1812
860,1844
861,1836
861,1801
861,1803
862,1846
862,1815
862,1849
863,1807
863,1843
863,1838
863,1835
864,1802
864,1825
864,1803
865,1831
865,1803
865,1812
865,1803
865,1811
865,1811
865,1833
866,1844
866,1803
866,1839
866,1840
866,1821
866,1801
867,1824
867,1838
867,1831
867,1823
867,1840
867,1825
867,1843
867,1831
867,1831
867,1807
868,1824
868,1824
868,1825
868,1833
868,1818
869,1846
869,1825
869,1833
870,1802
870,1840
870,1829
870,1826
870,1840
870,1824
870,1827
871,1837
871,1807
872,1828
872,1803
872,1810
872,1832
872,1803
872,1835
872,1850
873,1833
874,1848
874,1817
874,1844
874,1837
874,1844
874,1810
875,1830
875,1833
875,1832
875,1804
875,1841
875,1847
876,1848
876,1846
876,1847
876,1821
876,1843
876,1811
876,1842
876,1805
876,1823
876,1821
877,1839
877,1838
877,1841
877,1835
877,1848
877,1819
877,1838
877,1819
878,1813
878,1848
878,1804
878,1807
878,1808
878,1833
878,1814
878,1833
878,1837
879,1848
879,1815
879,1840
879,1827
879,1828
879,1845
880,1831
880,1831
880,1831
880,1816
880,1838
880,1842
880,1802
880,1850
880,1849
880,1835
881,1805
881,1834
881,1826
881,1804
881,1822
881,1826
881,1838
882,1810
883,1826
884,1801
885,1818
886,1844
886,1814
886,1812
886,1841
886,1821
886,1812
887,1837
887,1832
887,1819
887,1838
887,1810
887,1842
887,1802
887,1828
888,1801
888,1803
888,1811
888,1831
889,1847
889,1824
890,1838
890,1842
890,1819
890,1801
890,1830
890,1804
890,1827
890,1805
890,1846
890,1821
891,1821
891,1835
892,1815
892,1817
893,1826
893,1848
894,1807
894,1825
894,1815
894,1834
894,1805
895,1837
895,1817
895,1806
895,1809
895,1845
896,1843
896,1807
896,1835
896,1802
896,1822
896,1842
896,1805
897,1838
897,1803
897,1817
897,1841
897,1817
897,1822
897,1845
898,1841
898,1824
898,1830
898,1809
898,1811
898,1820
898,1835
898,1846
899,1847
899,1838
899,1833
899,1831
899,1850
899,1841
899,1831
899,1821
900,1818
900,1843
900,1830
900,1819
900,1817
901,1848
901,1838
901,1827
901,1801
901,1824
901,1802
901,1823
902,1803
902,1836
903,1801
903,1809
903,1812
903,1807
903,1837
903,1846
903,1807
903,1819
903,1835
904,1804
904,1811
904,1814
904,1812
904,1818
904,1816
904,1825
904,1814
905,1815
905,1814
906,1802
906,1815
906,1801
906,1804
906,1822
906,1838
906,1816
906,1844
906,1836
906,1830
907,1811
907,1849
907,1818
907,1802
907,1834
908,1822
908,1817
908,1803
908,1813
908,1829
908,1817
908,1823
908,1815
908,1819
909,1819
909,1843
909,1848
909,1813
909,1845
909,1824
910,1833
910,1832
910,1817
910,1847
910,1809
910,1815
910,1850
910,1802
910,1831
910,1817
911,1842
912,1825
912,1837
912,1832
912,1813
912,1818
912,1849
912,1837
912,1834
912,1822
912,1839
913,1801
913,1809
913,1847
913,1827
914,1841
914,1807
914,1826
914,1814
915,1806
916,1834
916,1826
916,1837
916,1839
916,1837
916,1839
916,1824
916,1837
917,1811
917,1821
917,1818
917,1831
918,1839
918,1827
918,1840
918,1820
918,1809
919,1815
919,1850
919,1850
919,1828
919,1803
919,1822
919,1829
919,1823
920,1846
920,1827
920,1832
920,1813
920,1842
920,1820
920,1803
920,1817
920,1832
921,1821
921,1848
921,1830
921,1837
922,1806
922,1829
923,1827
923,1845
923,1820
923,1803
923,1819
923,1841
923,1812
923,1850
923,1817
924,1844
924,1824
925,1816
925,1813
925,1817
925,1814
926,1830
926,1820
926,1812
926,1843
927,1849
927,1843
927,1826
928,1849
928,1809
928,1816
928,1832
928,1840
928,1819
928,1839
928,1802
928,1848
928,1822
929,1838
930,1849
930,1848
930,1834
930,1832
930,1810
930,1837
931,1842
931,1818
931,1809
932,1826
932,1805
932,1816
932,1805
932,1801
932,1829
932,1822
933,1843
933,1824
933,1841
934,1833
934,1808
934,1826
934,1810
935,1815
935,1803
935,1802
936,1816
936,1811
936,1828
936,1842
936,1801
936,1837
937,1838
938,1802
938,1829
938,1823
938,1833
938,1825
938,1812
939,1843
939,1813
939,1825
940,1842
940,1822
940,1815
940,1810
940,1837
940,1830
941,1827
941,1845
941,1846
941,1828
941,1836
941,1827
941,1841
941,1816
942,1802
942,1831
942,1822
942,1830
942,1842
942,1828
942,1822
942,1823
942,1849
942,1850
943,1829
943,1819
943,1825
943,1835
943,1828
943,1845
943,1825
944,1838
944,1830
944,1819
944,1842
945,1826
945,1814
945,1848
945,1812
945,1807
945,1801
945,1842
945,1832
946,1803
946,1841
946,1802
946,1834
946,1846
947,1818
947,1812
948,1824
949,1838
949,1809
949,1826
949,1825
949,1816
949,1828
949,1824
949,1825
949,1820
949,1809
950,1836
950,1840
950,1801
951,1811
952,1811
952,1839
952,1812
952,1845
952,1810
952,1839
952,1821
953,1830
953,1818
953,1842
953,1815
953,1811
953,1826
953,1827
953,1821
953,1826
954,1847
955,1831
955,1811
955,1827
955,1839
955,1845
955,1827
956,1809
956,1834
956,1821
957,1845
957,1832
957,1850
957,1822
957,1844
957,1803
958,1837
958,1833
958,1850
958,1817
958,1826
958,1814
958,1808
958,1807
958,1850
959,1812
959,1828
959,1832
960,1801
960,1840
960,1815
960,1811
960,1801
960,1832
960,1833
960,1814
961,1827
961,1841
961,1810
961,1846
962,1818
962,1806
962,1811
963,1807
963,1845
963,1843
963,1821
963,1821
963,1831
963,1810
963,1837
963,1813
963,1831
964,1805
964,1838
964,1817
964,1829
964,1821
964,1843
965,1822
966,1848
966,1830
966,1813
966,1808
966,1846
967,1822
967,1824
967,1844
967,1813
967,1808
967,1805
967,1814
967,1835
968,1839
968,1825
968,1802
968,1846
968,1803
968,1816
968,1826
968,1801
969,1803
969,1818
969,1816
969,1836
970,1813
970,1812
970,1841
970,1838
970,1826
970,1840
971,1827
972,1804
972,1812
972,1833
972,1837
972,1833
972,1804
972,1843
972,1847
972,1838
972,1847
973,1812
973,1847
973,1814
973,1849
973,1846
973,1848
973,1827
973,1819
973,1840
973,1826
974,1804
974,1834
974,1814
974,1840
975,1839
975,1808
976,1844
976,1812
976,1829
976,1816
976,1805
976,1833
976,1840
976,1847
976,1832
976,1821
977,1832
977,1838
977,1818
977,1820
978,1809
978,1847
978,1835
978,1810
978,1819
978,1836
978,1843
978,1812
979,1829
979,1816
979,1801
980,1822
980,1850
980,1817
980,1836
980,1837
980,1839
980,1825
980,1816
980,1801
980,1813
981,1839
981,1819
982,1825
982,1836
983,1819
983,1811
983,1829
983,1816
983,1834
983,1837
983,1823
983,1807
983,1809
983,1815
984,1824
984,1814
985,1826
985,1849
985,1824
985,1801
985,1832
985,1842
985,1844
986,1804
986,1820
987,1848
987,1835
987,1822
987,1818
987,1844
987,1807
987,1849
987,1803
987,1821
987,1812
988,1819
988,1829
989,1809
989,1815
989,1838
989,1831
990,1837
990,1820
990,1841
990,1837
990,1815
990,1836
990,1831
990,1845
991,1807
991,1817
991,1843
991,1844
991,1815
991,1837
991,1820
991,1807
991,1825
992,1849
992,1824
992,1850
993,1801
993,1817
993,1831
993,1822
993,1843
993,1817
993,1844
993,1839
994,1849
994,1805
994,1809
994,1803
995,1846
995,1823
995,1810
996,1802
996,1807
996,1810
996,1814
996,1813
996,1811
997,1846
997,1824
997,1824
997,1840
997,1845
997,1849
997,1831
998,1802
998,1821
998,1843
998,1832
998,1833
998,1811
998,1823
998,1801
998,1801
998,1824
999,1812
999,1830
1000,1838
1000,1835
1000,1824
1000,1824
1000,1846
1000,1848
1000,1810
1000,1809
1001,1814
1001,1807
1002,1839
1002,1829
1002,1833
1002,1841
1002,1843
1002,1804
1002,1805
1003,1828
1004,1817
1004,1805
1004,1828
1004,1850
1004,1837
1005,1823
1005,1810
1006,1812
1007,1828
1007,1801
1007,1814
1007,1822
1007,1820
1007,1844
1007,1823
1007,1826
1008,1827
1008,1801
1008,1811
1009,1827
1009,1830
1009,1843
1009,1817
1009,1842
1010,1814
1010,1832
1010,1830
1010,1829
1010,1815
1010,1811
1010,1823
1011,1849
1011,1840
1011,1847
1011,1845
1011,1831
1012,1832
1012,1811
1012,1804
1012,1806
1012,1807
1012,1846
1012,1836
1013,1840
1013,1811
1013,1820
1014,1828
1014,1832
1014,1816
1014,1834
1015,1821
1015,1825
1015,1807
1015,1805
1015,1810
1015,1847
1015,1828
1015,1824
1015,1811
1015,1816
1016,1838
1016,1808
1016,1809
1016,1819
1016,1804
1016,1849
1016,1809
1017,1816
1017,1810
1017,1806
1017,1830
1017,1814
1017,1843
1017,1804
1018,1829
1018,1805
1018,1848
1018,1830
1018,1811
1019,1848
1019,1835
1019,1807
1019,1829
1019,1805
1020,1842
1020,1806
1020,1835
1020,1831
1020,1819
1020,1840
1020,1803
1020,1805
1020,1804
1021,1818
1021,1838
1021,1817
1021,1806
1021,1815
1022,1812
1022,1841
1022,1804
1023,1832
1023,1811
1023,1850
1023,1839
1023,1801
1023,1802
1023,1820
1024,1842
1024,1816
1024,1820
1025,1829
1025,1845
1025,1830
1025,1805
1025,1845
1025,1840
1025,1838
1025,1802
1026,1843
1026,1839
1026,1830
1026,1844
1026,1804
1026,1847
1026,1830
1026,1843
1027,1842
1027,1830
1027,1843
1027,1824
1027,1804
1027,1812
1027,1831
1027,1807
1028,1824
1028,1821
1029,1819
1029,1819
1029,1837
1029,1821
1029,1822
1029,1828
1029,1823
1030,1828
1030,1838
1030,1803
1030,1832
1030,1820
1030,1818
1030,1818
1030,1822
1031,1820
1031,1848
1031,1843
1031,1833
1031,1839
1032,1816
1032,1820
1032,1829
1032,1804
1032,1825
1032,1850
1032,1846
1033,1810
1033,1837
1033,1840
1034,1822
1034,1828
1034,1841
1034,1826
1034,1827
1035,1844
1035,1823
1036,1803
1036,1805
1036,1811
1036,1811
1036,1806
1036,1849
1036,1803
1037,1826
1037,1801
1037,1850
1037,1842
1037,1816
1037,1836
1038,1825
1039,1831
1039,1804
1040,1809
1040,1820
1040,1809
1040,1815
1040,1849
1041,1806
1041,1843
1041,1850
1042,1811
1042,1827
1042,1816
1043,1812
1043,1820
1043,1805
1043,1816
1043,1827
1043,1801
1044,1825
1044,1841
1044,1809
1044,1817
1044,1835
1044,1812
1044,1815
1044,1843
1045,1821
1045,1827
1045,1806
1045,1811
1045,1813
1045,1847
1046,1844
1046,1842
1046,1813
1046,1817
1046,1815
1046,1838
1046,1816
1046,1828
1047,1834
1048,1816
1048,1827
1048,1818
1048,1842
1048,1809
1048,1816
1048,1806
1048,1803
1048,1840
1049,1809
1049,1842
1049,1803
1049,1850
1049,1835
1049,1848
1049,1837
1049,1817
1049,1807
1049,1835
1050,1813
1051,1805
1051,1849
1051,1825
1051,1844
1051,1821
1051,1841
1051,1823
1051,1831
1052,1835
1052,1804
1053,1845
1053,1817
1053,1839
1053,1827
1053,1830
1053,1826
1054,1833
1054,1839
1054,1826
1055,1819
1055,1817
1055,1814
1056,1814
1057,1815
1057,1839
1057,1838
1058,1811
1058,1807
1058,1847
1058,1805
1058,1846
1058,1827
1058,1817
1058,1837
1059,1833
1059,1835
1059,1823
1060,1824
1060,1812
1061,1831
1061,1812
1061,1835
1061,1843
1061,1810
1061,1836
1061,1801
1062,1801
1062,1839
1062,1829
1062,1802
1062,1844
1062,1810
1062,1814
1063,1823
1063,1804
1063,1827
1063,1829
1063,1820
1063,1835
1063,1832
1063,1822
1064,1826
1064,1805
1064,1847
1064,1832
1064,1843
1064,1825
1065,1825
1065,1803
1065,1808
1066,1843
1066,1848
1066,1828
1066,1812
1066,1829
1066,1824
1066,1844
1067,1815
1068,1815
1068,1827
1068,1817
1069,1809
1069,1829
1069,1815
1069,1828
1069,1809
1070,1822
1070,1806
1070,1847
1071,1849
1071,1804
1071,1840
1071,1805
1071,1825
1071,1818
1071,1817
1072,1831
1072,1850
1072,1837
1072,1837
1072,1822
1072,1833
1072,1820
1072,1830
1072,1803
1072,1825
1073,1833
1073,1829
1073,1818
1073,1829
1073,1823
1073,1827
1073,1837
1073,1823
1073,1801
1074,1832
1074,1816
1075,1830
1076,1833
1076,1835
1076,1823
1076,1837
1077,1826
1077,1801
1077,1816
1078,1808
1078,1850
1078,1837
1079,1812
1079,1818
1079,1812
1079,1821
1079,1833
1079,1847
1080,1814
1080,1838
1080,1814
1081,1840
1081,1820
1081,1804
1081,1835
1081,1840
1082,1806
1082,1832
1082,1836
1082,1810
1082,1846
1083,1809
1083,1841
1083,1827
1084,1811
1084,1834
1084,1831
1084,1824
1084,1825
1085,1808
1085,1801
1085,1801
1085,1850
1085,1848
1086,1831
1086,1831
1086,1812
1086,1820
1086,1803
1086,1829
1086,1838
1086,1823
1086,1814
1086,1810
1087,1812
1087,1841
1087,1820
1087,1808
1088,1838
1088,1827
1088,1816
1088,1843
1088,1836
1088,1802
1088,1816
1088,1848
1089,1842
1090,1828
1090,1824
1090,1805
1090,1835
1090,1813
1091,1811
1091,1838
1091,1831
1091,1847
1091,1837
1091,1817
1091,1850
1092,1844
1092,1804
1093,1818
1093,1834
1094,1841
1094,1820
1094,1816
1094,1821
1094,1833
1094,1842
1094,1826
1094,1837
1095,1833
1095,1826
1095,1815
1095,1823
1095,1802
1095,1825
1095,1801
1096,1833
1096,1834
1097,1832
1097,1809
1097,1801
1097,1814
1098,1834
1098,1804
1098,1841
1098,1814
1098,1837
1098,1806
1099,1821
1099,1833
1099,1833
1099,1805
1099,1839
1099,1823
1100,1822
1101,1827
1101,1849
1101,1808
1101,1811
1101,1850
1101,1839
1101,1822
1101,1818
1101,1801
1102,1839
1102,1822
1102,1844
1102,1836
1102,1847
1102,1810
1102,1827
1102,1850
1102,1810
1103,1850
1103,1847
1103,1838
1104,1824
1104,1827
1104,1835
1104,1812
1104,1834
1105,1801
1105,1823
1105,1822
1105,1816
1105,1830
1105,1822
1106,1833
1106,1849
1107,1825
1107,1829
1108,1831
1108,1843
1108,1829
1108,1818
1109,1842
1109,1817
1109,1814
1109,1818
1109,1848
1109,1834
1109,1806
1109,1802
1109,1831
1109,1843
1110,1849
1110,1848
1110,1847
1110,1815
1110,1825
1110,1807
1110,1829
1111,1810
1111,1843
1111,1833
1111,1830
1111,1837
1112,1843
1112,1837
1112,1845
1112,1842
1112,1844
1112,1833
1112,1840
1113,1811
1113,1818
1113,1846
1113,1834
1113,1806
1113,1802
1114,1816
1114,1803
1115,1826
1115,1848
1115,1835
1115,1817
1115,1840
1115,1814
1116,1811
1116,1806
1116,1815
1117,1821
1117,1845
1117,1830
1117,1835
1118,1834
1118,1822
1118,1814
1118,1814
1118,1817
1118,1813
1118,1848
1118,1846
1118,1814
1119,1835
1119,1835
1119,1801
1119,1848
1119,1848
1119,1826
1119,1840
1119,1836
1120,1817
1120,1807
1120,1826
1120,1802
1120,1833
1120,1837
1120,1805
1120,1847
1121,1847
1121,1846
1122,1824
1122,1816
1122,1810
1122,1819
1122,1824
1122,1802
1122,1836
1123,1837
1123,1801
1123,1849
1123,1806
1123,1850
1123,1813
1123,1832
1123,1819
1123,1835
1123,1813
1124,1833
1124,1829
1124,1848
1124,1816
1124,1820
1124,1829
1125,1849
1125,1839
1125,1834
1125,1808
1125,1811
1125,1844
1125,1838
1125,1810
1126,1821
1126,1807
1126,1807
1127,1846
1127,1827
1127,1821
1127,1826
1127,1848
1127,1837
1127,1845
1128,1814
1128,1820
1128,1837
1129,1803
1129,1805
1129,1827
1129,1820
1129,1834
1129,1850
1129,1845
1130,1832
1130,1841
1130,1850
1130,1820
1130,1836
1130,1822
1130,1817
1131,1816
1131,1823
1131,1832
1131,1809
1131,1822
1132,1831
1133,1804
1133,1814
1133,1835
1133,1834
1133,1823
1133,1807
1133,1842
1133,1802
1133,1842
1134,1833
1134,1846
1134,1844
1134,1805
1134,1825
1134,1837
1134,1821
1134,1834
1134,1830
1135,1830
1135,1844
1136,1809
1137,1819
1137,1814
1137,1842
1137,1808
1137,1845
1137,1832
1137,1816
1137,1836
1137,1824
1138,1833
1138,1826
1138,1847
1138,1816
1138,1830
1138,1810
1138,1805
1138,1826
1138,1822
1139,1823
1139,1817
1139,1833
1139,1816
1139,1842
1140,1826
1140,1826
1140,1848
1140,1802
1140,1827
1140,1834
1140,1847
1140,1838
1140,1820
1141,1821
1141,1846
1141,1811
1141,1850
1141,1843
1141,1845
1141,1848
1141,1839
1142,1847
1143,1831
1143,1825
1143,1849
1143,1814
1143,1836
1143,1822
1143,1833
1143,1801
1143,1809
1143,1833
1144,1827
1144,1812
1144,1839
1144,1848
1145,1835
1145,1805
1145,1830
1145,1838
1146,1850
1146,1820
1146,1830
1146,1843
1146,1817
1146,1846
1146,1836
1147,1839
1147,1803
1148,1809
1148,1845
1148,1815
1148,1820
1149,1849
1149,1821
1149,1811
1149,1809
1150,1839
1150,1839
1150,1827
1150,1831
1150,1823
1151,1832
1151,1805
1151,1828
1151,1801
1151,1841
1152,1817
1152,1839
1153,1827
1153,1843
1153,1831
1153,1812
1153,1801
1153,1814
1153,1850
1153,1841
1153,1838
1153,1849
1154,1818
1154,1847
1154,1837
1154,1839
1154,1813
1154,1821
1154,1848
1154,1822
1155,1815
1156,1814
1156,1806
1156,1821
1156,1819
1156,1824
1156,1838
1156,1814
1156,1807
1157,1845
1157,1816
1157,1846
1157,1830
1157,1819
1157,1842
1157,1810
1157,1825
1157,1832
1157,1822
1158,1803
1158,1838
1158,1832
1158,1829
1158,1828
1158,1809
1158,1811
1159,1815
1159,1847
1159,1821
1160,1842
1161,1822
1161,1804
1161,1830
1161,1825
1161,1807
1161,1834
1161,1820
1161,1804
1161,1834
1162,1807
1162,1833
1162,1828
1162,1804
1162,1829
1162,1805
1162,1811
1162,1844
1163,1830
1163,1809
1163,1801
1163,1823
1164,1832
1164,1845
1164,1810
1164,1832
1165,1831
1165,1824
1165,1835
1165,1839
1165,1838
1166,1821
1166,1816
1166,1811
1166,1804
1166,1802
1167,1822
1167,1818
1167,1805
1167,1845
1167,1821
1167,1819
1167,1803
1167,1817
1167,1844
1167,1811
1168,1811
1168,1808
1168,1822
1168,1817
1168,1832
1168,1829
1168,1807
1168,1833
1169,1848
1169,1820
1169,1835
1169,1805
1169,1817
1169,1814
1170,1826
1170,1803
1171,1806
1171,1821
1171,1826
1171,1836
1171,1810
1171,1841
1171,1835
1172,1803
1172,1848
1172,1809
1172,1833
1172,1823
1172,1829
1172,1803
1172,1845
1173,1821
1174,1801
1174,1832
1174,1810
1174,1818
1174,1801
1175,1838
1175,1843
1175,1808
1176,1848
1177,1807
1177,1837
1177,1836
1177,1802
1177,1819
1177,1835
1177,1839
1177,1839
1177,1820
1177,1837
1178,1803
1178,1804
1178,1846
1179,1847
1180,1842
1181,1849
1181,1832
1182,1847
1182,1802
1182,1824
1182,1848
1182,1809
1182,1823
1182,1850
1183,1833
1183,1803
1184,1828
1184,1829
1184,1832
1184,1843
1184,1844
1184,1846
1184,1807
1184,1805
1185,1818
1185,1818
1185,1803
1185,1845
1185,1807
1185,1803
1185,1849
1186,1841
1187,1835
1187,1801
1187,1841
1187,1819
1187,1829
1187,1820
1187,1845
1187,1846
1187,1808
1187,1842
1188,1831
1188,1832
1188,1828
1188,1830
1188,1844
1188,1836
1189,1801
1189,1845
1189,1834
1189,1850
1190,1831
1190,1850
1190,1840
1190,1836
1190,1836
1190,1810
1190,1845
1191,1832
1191,1806
1192,1848
1192,1812
1192,1842
1192,1825
1192,1829
1192,1834
1193,1821
1193,1821
1193,1826
1193,1844
1193,1841
1193,1809
1193,1829
1193,1814
1193,1828
1194,1842
1194,1803
1194,1809
1194,1815
1194,1830
1195,1809
1195,1844
1195,1832
1195,1815
1195,1823
1195,1801
1195,1823
1195,1834
1195,1819
1196,1827
1197,1841
1197,1808
1198,1834
1199,1826
1199,1828
1199,1827
1199,1846
1199,1846
1199,1831
1199,1805
1199,1834
1199,1808
1200,1843
1200,1847
1200,1843
1200,1842
1201,1808
1201,1828
1201,1822
1201,1834
1201,1835
1201,1803
1201,1813
1202,1817
1202,1828
1202,1832
1202,1816
1202,1841
1202,1836
1202,1816
1202,1810
1203,1803
1203,1801
1203,1816
1203,1848
1203,1845
1203,1824
1203,1838
1204,1807
1204,1826
1204,1802
1204,1834
1204,1809
1204,1838
1204,1832
1204,1837
1205,1802
1205,1803
1205,1819
1205,1832
1205,1804
1205,1846
1205,1833
1206,1843
1206,1805
1206,1806
1206,1840
1206,1829
1207,1846
1208,1836
1208,1805
1208,1849
1208,1805
1208,1812
1208,1843
1209,1811
1209,1843
1209,1836
1209,1844
1209,1846
1209,1834
1209,1830
1210,1827
1210,1814
1210,1835
1210,1802
1210,1832
1211,1837
1212,1825
1212,1831
1212,1811
1213,1849
1214,1801
1214,1811
1214,1830
1214,1816
1214,1845
1214,1807
1214,1806
1214,1849
1214,1818
1215,1836
1215,1846
1215,1806
1215,1846
1215,1846
1215,1831
1215,1829
1216,1839
1216,1810
1216,1818
1216,1821
1216,1823
1216,1845
1216,1829
1217,1815
1217,1821
1217,1811
1218,1842
1218,1805
1218,1825
1218,1816
1218,1838
1219,1814
1219,1806
1219,1837
1219,1848
1220,1849
1220,1808
1220,1838
1220,1808
1221,1809
1221,1837
1221,1830
1221,1824
1221,1821
1221,1805
1221,1817
1222,1814
1222,1847
1222,1835
1222,1801
1222,1815
1222,1806
1222,1807
1222,1822
1222,1841
1223,1818
1223,1841
1223,1820
1223,1804
1224,1848
1224,1815
1224,1814
1225,1840
1225,1822
1225,1806
1225,1845
1225,1812
1225,1816
1226,1812
1226,1813
1226,1822
1226,1844
1226,1807
1226,1821
1226,1830
1226,1803
1226,1823
1227,1838
1227,1820
1227,1848
1227,1846
1228,1818
1228,1801
1228,1817
1228,1844
1228,1813
1229,1811
1229,1849
1230,1823
1230,1843
1230,1840
1230,1842
1230,1832
1230,1827
1230,1831
1231,1836
1231,1831
1231,1843
1231,1829
1231,1802
1231,1821
1231,1807
1231,1845
1232,1840
1232,1843
1233,1829
1233,1844
1233,1847
1233,1834
1233,1806
1234,1840
1234,1813
1234,1843
1235,1801
1235,1816
1235,1836
1235,1809
1235,1827
1235,1843
1235,1825
1235,1832
1236,1848
1236,1818
1236,1822
1236,1803
1236,1844
1236,1805
1236,1816
1236,1821
1236,1839
1236,1816
1237,1818
1237,1819
1237,1810
1237,1805
1237,1822
1237,1829
1237,1812
1237,1827
1237,1850
1237,1817
1238,1831
1238,1839
1238,1839
1238,1825
1238,1842
1239,1818
1239,1840
1239,1839
1239,1817
1239,1831
1239,1829
1239,1823
1239,1822
1240,1833
1241,1815
1241,1837
1241,1841
1242,1835
1242,1847
1242,1845
1243,1810
1243,1804
1243,1818
1243,1842
1243,1823
1243,1811
1243,1823
1243,1829
1243,1827
1243,1812
1244,1825
1244,1827
1244,1845
1244,1850
1244,1809
1244,1826
1244,1831
1244,1835
1245,1814
1245,1828
1245,1822
1245,1849
1246,1837
1246,1830
1246,1813
1246,1815
1246,1838
1246,1824
1246,1820
1246,1825
1246,1813
1246,1812
1247,1844
1247,1803
1247,1837
1247,1805
1247,1810
1248,1804
1248,1850
1248,1825
1248,1824
1248,1801
1249,1828
1249,1848
1249,1802
1249,1812
1249,1846
1249,1821
1250,1816
1250,1846
1251,1828
1251,1814
1251,1804
1251,1834
1251,1843
1251,1807
1251,1837
1251,1827
1251,1825
1251,1848
1252,1823
1252,1835
1252,1839
1252,1824
1253,1815
1253,1836
1253,1811
1253,1823
1254,1828
1254,1835
1254,1846
1254,1815
1254,1850
1255,1841
1255,1813
1255,1814
1255,1822
1255,1828
1255,1846
1256,1823
1256,1819
1256,1849
1256,1809
1257,1829
1258,1833
1258,1841
1258,1806
1258,1804
1258,1822
1258,1802
1259,1813
1259,1805
1259,1813
1259,1822
1259,1804
1259,1822
1260,1818
1260,1825
1260,1839
1260,1847
1260,1843
1260,1810
1260,1821
1260,1850
1260,1839
1260,1826
1261,1815
1261,1819
1261,1831
1262,1802
1262,1840
1262,1827
1262,1832
1262,1803
1262,1825
1262,1801
1262,1806
1262,1811
1263,1834
1263,1807
1263,1840
1263,1850
1263,1817
1263,1833
1263,1817
1263,1813
1263,1813
1264,1821
1264,1848
1264,1808
1265,1808
1265,1812
1265,1845
1265,1817
1265,1841
1266,1809
1266,1831
1266,1826
1266,1804
1266,1825
1266,1838
1266,1828
1266,1839
1266,1822
1267,1804
1267,1848
1267,1807
1267,1820
1267,1819
1267,1814
1267,1846
1267,1845
1267,1836
1267,1830
1268,1823
1268,1844
1268,1841
1268,1816
1268,1805
1268,1816
1268,1840
1269,1844
1270,1831
1270,1844
1270,1848
1270,1827
1270,1847
1270,1812
1270,1844
1271,1818
1271,1848
1272,1827
1272,1847
1272,1806
1272,1834
1272,1833
1272,1822
1273,1847
1273,1840
1273,1847
1273,1816
1273,1805
1273,1824
1273,1847
1273,1814
1274,1840
1274,1823
1274,1801
1274,1803
1274,1824
1274,1802
1274,1823
1274,1848
1275,1809
1275,1845
1275,1827
1275,1809
1276,1821
1276,1827
1276,1834
1276,1835
1276,1836
1277,1812
1277,1815
1277,1832
1277,1837
1277,1808
1278,1830
1278,1842
1278,1830
1278,1807
1279,1803
1279,1838
1279,1818
1279,1806
1279,1834
1279,1837
1279,1848
1279,1836
1279,1850
1280,1827
1280,1807
1281,1843
1281,1802
1281,1829
1281,1830
1281,1829
1281,1834
1282,1818
1282,1811
1282,1810
1282,1814
1282,1844
1282,1834
1282,1822
1282,1819
1282,1823
1282,1808
1283,1803
1283,1821
1283,1850
1283,1803
1283,1830
1283,1849
1283,1847
1283,1836
1284,1850
1284,1807
1284,1840
1285,1824
1285,1811
1285,1824
1285,1814
1285,1850
1285,1834
1285,1808
1285,1804
1286,1837
1286,1838
1286,1838
1286,1805
1286,1808
1286,1806
1286,1810
1287,1825
1287,1809
1287,1806
1287,1847
1287,1801
1287,1827
1287,1801
1288,1802
1288,1811
1288,1823
1288,1809
1288,1824
1288,1840
1289,1806
1289,1814
1289,1849
1289,1805
1289,1846
1289,1844
1290,1809
1290,1805
1290,1829
1290,1832
1290,1828
1291,1828
1291,1804
1292,1841
1292,1850
1292,1807
1292,1815
1292,1844
1292,1832
1293,1849
1293,1819
1293,1815
1293,1805
1293,1828
1294,1826
1294,1808
1294,1804
1294,1812
1294,1845
1294,1824
1294,1825
1294,1820
1295,1822
1295,1820
1295,1844
1295,1838
1295,1802
1295,1823
1295,1847
1295,1811
1295,1804
1295,1807
1296,1803
1296,1845
1296,1811
1296,1832
1296,1811
1296,1805
1296,1825
1296,1827
1297,1831
1297,1829
1297,1811
1297,1833
1297,1817
1297,1804
1297,1802
1297,1814
1298,1810
1298,1818
1299,1843
1300,1807
1300,1831
1300,1849
1300,1842
1300,1820
1300,1803
1300,1837
1300,1828
1301,1837
1301,1830
1301,1810
1301,1829
1301,1831
1301,1822
1302,1821
1302,1835
1302,1809
1302,1811
1302,1802
1302,1827
1303,1826
1303,1809
1303,1825
1303,1836
1304,1826
1304,1804
1304,1844
1304,1809
1304,1807
1304,1816
1304,1803
1304,1835
1304,1825
1304,1802
1305,1839
1305,1820
1305,1834
1305,1805
1305,1850
1305,1819
1305,1810
1305,1825
1305,1801
1306,1829
1306,1805
1306,1808
1306,1849
1306,1812
1306,1816
1306,1847
1306,1839
1306,1841
1307,1828
1308,1814
1309,1802
