value,discount,start_date,end_date,min_quantity,product_id
1.5048053137179944,0.715515723795479,2022-07-08,2021-05-15,10,1
9.948151928877067,0.030777607528534645,2022-04-05,2020-08-20,15,2
2.8372585178065513,0.06844066169569796,2021-10-01,2021-10-23,17,3
9.704836498306376,0.8205341027590405,2022-05-17,2023-12-10,11,4
6.210550915677268,0.08423193083020108,2022-06-02,2022-03-09,16,5
2.3820577228702224,0.672813395365467,2022-10-04,2020-09-18,16,6
7.945055030625548,0.9398274438887416,2021-02-25,2022-05-18,16,7
4.046649706561608,0.3382346225535886,2022-06-15,2020-09-13,14,8
3.057011474139221,0.5947457248475521,2020-11-15,2021-02-03,16,9
5.2005361091167295,0.15057842831493284,2020-07-22,2021-03-06,16,10
1.4197699484515562,0.2051158461336614,2021-06-20,2022-08-13,20,11
7.952823198601556,0.6519650615926595,2021-06-06,2022-04-16,17,12
3.7828395546891307,0.5102991134356897,2020-09-27,2022-06-02,19,13
1.8146621014894135,0.884559675304623,2022-04-28,2021-08-11,16,14
5.3639717706228085,0.7972674107703802,2020-09-23,2022-03-22,19,15
4.488834469937291,0.8651236188380853,2021-12-02,2023-05-09,11,16
2.9393103480367677,0.9730344373127402,2023-01-10,2022-01-01,17,17
2.2462561032832356,0.9654156141671544,2020-12-21,2023-11-16,10,18
1.5470734447421872,0.5839696908082547,2022-10-24,2020-11-27,20,19
7.472423866774139,0.24980334048992958,2023-09-09,2020-12-01,12,20
9.403457044312644,0.2407971761131209,2021-10-05,2021-06-29,12,21
6.060376603550797,0.20547439803351564,2020-04-07,2023-11-22,20,22
1.4100222331603218,0.3757521634522688,2020-11-02,2022-10-29,16,23
2.02617624928285,0.8614383398300371,2021-10-04,2023-06-06,13,24
9.053628822378707,0.1312011150702177,2022-09-10,2021-12-17,20,25
3.1491489667699453,0.5114089542735312,2020-12-30,2022-07-24,10,26
1.6214699873241454,0.46546912249889183,2022-09-30,2021-12-22,16,27
8.011542626554617,0.13394710992633851,2023-04-24,2023-05-21,14,28
9.646469905896678,0.03941316434890263,2020-04-17,2022-07-17,14,29
4.426992742723727,0.23123176322143602,2022-10-04,2021-08-31,14,30
5.034578120266016,0.7649495535460153,2023-11-10,2021-01-01,17,31
3.7775993189487793,0.6232563469959912,2022-04-05,2022-03-08,17,32
9.941225187749593,0.9180198221643731,2021-12-09,2021-09-05,17,33
9.92721531979995,0.8238899942742561,2020-06-12,2021-04-28,14,34
5.310618618518175,0.3394383332310753,2022-10-21,2020-02-17,10,35
7.313253262037478,0.07980920675362368,2022-06-17,2021-10-12,20,36
8.467586558779441,0.48533318504856104,2022-12-09,2021-02-26,13,37
4.11396626925389,0.16554478909595016,2021-11-25,2023-04-21,15,38
2.381704099642813,0.5792153533384324,2023-01-02,2022-07-13,15,39
9.800836917307125,0.02184843875658149,2021-01-27,2022-04-20,14,40
2.8096869138978633,0.25614876558737676,2023-10-12,2021-06-01,15,41
0.796269571365751,0.011285766956793286,2021-06-02,2021-08-02,16,42
5.664129172523648,0.6919244940361129,2020-11-10,2022-08-15,13,43
4.473226156337502,0.6002417263060615,2023-06-20,2020-10-15,15,44
9.59312258289765,0.07320507567378576,2022-03-11,2020-02-04,19,45
7.4280384187287645,0.14366355150620136,2021-01-31,2023-06-09,11,46
1.1594516992338453,0.3560048081299627,2022-07-04,2020-11-20,18,47
8.501362893676252,0.7787790931892525,2023-02-01,2020-12-12,10,48
8.538621574396586,0.13526621959567153,2023-05-01,2022-10-14,15,49
3.352801803141962,0.16880734054754232,2021-08-12,2021-04-15,16,50
5.334563023373879,0.6758586438288425,2020-08-14,2023-06-15,12,51
4.095220035524704,0.10786055358158486,2022-11-10,2021-06-02,17,52
3.498621799060595,0.7574857278681484,2023-06-19,2020-03-14,19,53
5.263359588359219,0.5036989451537901,2020-09-19,2023-01-09,10,54
2.4317400368140296,0.34583338453724277,2022-03-26,2022-11-20,17,55
0.8262511050776693,0.1826931687728034,2020-09-26,2022-05-20,15,56
7.648717928359913,0.6068811845979141,2020-12-04,2022-08-19,10,57
7.229563554332697,0.35247834569107084,2022-02-18,2023-05-24,14,58
1.5169600925447133,0.46126659214240784,2022-09-09,2022-04-29,18,59
8.53149513788689,0.7006778051013536,2022-10-19,2021-02-01,17,60
2.8184654101242326,0.48432399485675615,2022-03-12,2023-01-14,19,61
1.745894011801778,0.40105893830383654,2023-12-25,2021-10-17,10,62
6.368093337735104,0.6238238547558702,2021-01-11,2023-10-05,13,63
8.640721812946156,0.6395530407956477,2022-09-12,2021-12-18,16,64
2.635926839871688,0.52181109437603,2023-01-26,2020-06-21,20,65
7.660243232492693,0.32784789940553327,2023-05-28,2020-05-28,15,66
8.093642270123327,0.31826779884720857,2023-12-08,2023-10-30,20,67
6.938985822044897,0.4682864532808477,2022-07-01,2023-01-14,15,68
1.7451971595239255,0.6462784511834831,2022-02-01,2021-06-10,14,69
2.6685128306369648,0.5568056678096793,2020-04-07,2023-01-30,13,70
5.760940443663926,0.40654170856260297,2020-02-27,2021-04-21,15,71
6.283378885578147,0.11045560111242902,2021-07-17,2022-02-07,19,72
0.9027017383126014,0.1723968623600558,2023-04-20,2022-01-14,20,73
5.500137608333874,0.6687751840582641,2023-09-24,2020-09-21,11,74
3.9586709940454248,0.5077582840251782,2022-01-25,2023-09-17,16,75
6.317683604449415,0.9560060442198193,2022-11-27,2022-12-06,14,76
8.474319503164828,0.3010456439784446,2021-10-29,2020-03-25,20,77
3.3439828667997036,0.4286987663278321,2023-08-31,2022-03-04,14,78
7.829133897070836,0.6996073977712013,2020-05-20,2023-05-29,16,79
4.051995453830081,0.340350701152343,2022-05-24,2020-08-07,10,80
9.722358806614395,0.36502000379328225,2021-03-11,2020-04-21,12,81
9.244039846646688,0.24226747371296753,2020-01-20,2023-04-20,20,82
5.757661982387894,0.10729807069194319,2021-01-31,2022-12-08,12,83
1.5772041128550156,0.5610673909108018,2021-09-03,2023-07-28,18,84
2.0623978704433164,0.7230177849396204,2022-10-28,2023-02-15,11,85
7.356453023322006,0.7380345464295611,2020-12-17,2022-11-05,17,86
4.128578832024791,0.8568795193745734,2023-01-29,2022-08-06,10,87
4.3453717670226215,0.10430785358388206,2021-04-01,2023-12-24,10,88
3.0430158950345176,0.3652648908900342,2023-06-18,2021-02-10,19,89
9.029221682942508,0.9359185643142126,2022-04-07,2022-04-19,17,90
5.180002226826434,0.701462547979348,2021-08-08,2023-04-06,15,91
6.47085955898222,0.7555768805194163,2023-05-30,2022-07-25,20,92
2.3645248178008265,0.873898284369488,2023-09-27,2022-04-15,19,93
1.8075850448506439,0.467674306135593,2021-02-10,2022-06-06,12,94
3.7490606128487256,0.8828639311238625,2022-05-13,2020-03-01,16,95
5.00427275969915,0.5343292006652646,2020-06-17,2021-04-16,20,96
7.81915472558898,0.31311237253742075,2023-10-20,2020-10-15,12,97
4.739685365131295,0.19892372159296456,2020-01-06,2023-11-26,17,98
4.909049785971584,0.9053189678520935,2021-05-28,2020-04-29,20,99
0.8870443216244506,0.4746816041000428,2021-12-13,2020-11-22,10,100
6.861125670998729,0.8585121539449914,2021-01-04,2021-05-22,11,101
5.8939115904160495,0.4391268351509807,2021-10-20,2021-07-29,12,102
1.9745264222075534,0.08156729942901642,2021-12-29,2023-01-20,10,103
7.754452894360117,0.4841714107314664,2020-09-02,2020-08-30,20,104
4.391835183711039,0.7964466312391781,2021-06-04,2022-07-03,16,105
1.8316069786865858,0.03743141299483865,2023-08-10,2020-11-17,19,106
1.6833344279587457,0.07831378266382516,2021-01-26,2022-10-15,19,107
9.676748707589002,0.2404798830524546,2023-05-04,2021-09-22,13,108
0.8574697961679787,0.7831667322484354,2021-02-13,2023-06-10,20,109
7.724361549214274,0.8425926444954442,2021-07-07,2022-05-21,18,110
4.248476355796635,0.5835218843794667,2021-08-29,2023-02-25,12,111
6.897761515811769,0.4766057116635962,2021-01-18,2023-08-30,11,112
7.320082827203238,0.5447668056091591,2020-09-16,2023-02-13,16,113
5.219250103082066,0.2902419359774375,2020-07-30,2023-08-09,14,114
5.3214756005747645,0.08409107263518689,2022-03-21,2021-10-08,18,115
1.8378277802332703,0.1353694932298961,2022-02-13,2022-07-12,10,116
7.848641794213287,0.3956565307096269,2022-04-21,2023-12-01,16,117
9.456881248189013,0.3519069054905448,2021-10-22,2023-10-26,20,118
8.968473459500451,0.260716473537295,2021-05-11,2021-09-06,14,119
6.974649126929254,0.33171074225916974,2023-10-27,2020-06-21,20,120
3.9234063683830875,0.18423334149406534,2021-05-28,2020-11-11,10,121
4.9122289176454395,0.39744204432756836,2022-10-10,2023-04-12,20,122
5.394615072873111,0.9639381746179713,2021-07-27,2021-11-15,17,123
8.587539746473274,0.10572073866434661,2023-10-25,2023-07-26,13,124
6.5361754260905665,0.795123302072888,2022-04-29,2023-06-07,11,125
8.821605368273532,0.42700549111473096,2022-06-24,2021-03-17,13,126
9.34696424495946,0.3653656302234868,2020-11-07,2020-08-20,19,127
5.892442189772752,0.918160593346903,2021-06-27,2023-03-23,18,128
3.4604445726148,0.9571206715134722,2022-09-27,2022-03-25,10,129
2.207698614991581,0.17288792343758064,2023-08-21,2023-06-10,17,130
9.317286636926635,0.7077633255382212,2020-08-04,2020-10-15,10,131
5.156342629436394,0.5875965692414173,2022-08-29,2021-08-24,18,132
6.1742941606810575,0.7207261628204861,2022-12-21,2023-02-06,10,133
5.140112855241445,0.6378408815408053,2022-06-11,2022-08-21,13,134
1.19537681944163,0.14419528121241554,2021-12-04,2023-09-25,17,135
3.341102955706727,0.24827585959630916,2022-10-28,2020-05-04,17,136
7.525686644600971,0.8493859777718595,2022-03-15,2023-07-01,15,137
5.236768399435936,0.18928878751475964,2023-07-23,2023-07-28,12,138
7.807502082373076,0.29304423405286095,2022-01-01,2020-04-06,12,139
4.398478381564808,0.3249289720616574,2023-06-01,2023-08-15,16,140
0.9520699713985334,0.4185808146679819,2020-07-30,2020-09-09,10,141
6.652738508740229,0.39295527205541003,2020-09-01,2022-03-24,17,142
2.4960048573569162,0.5713336198665465,2022-12-29,2022-07-27,14,143
7.56122874648079,0.1204851696774546,2021-07-12,2022-02-04,14,144
5.152673145955314,0.8042896925134836,2020-05-05,2021-08-18,18,145
0.6405377061665847,0.36101612426015406,2020-09-24,2021-03-12,13,146
0.529841445751036,0.7297569449259932,2020-10-14,2021-09-08,19,147
5.624079858683918,0.8982126098997025,2022-01-01,2021-10-15,11,148
7.21096027688351,0.9259292641554187,2022-12-01,2022-01-10,19,149
7.493458903137697,0.3049666729468775,2022-04-05,2022-05-01,12,150
7.627582542970506,0.8458668625867437,2021-09-04,2022-09-26,20,151
4.560790831961188,0.02054266627649337,2021-01-17,2024-01-02,11,152
1.5853494149320049,0.9782780077702679,2023-01-13,2020-10-12,17,153
8.831620898408929,0.49007000854512794,2022-02-16,2023-04-18,13,154
8.170394883579577,0.44790217562155965,2022-06-08,2020-10-13,17,155
9.624037031893982,0.07044985902699552,2020-05-18,2022-06-27,18,156
9.285222096192209,0.692307033583318,2021-05-30,2021-08-23,12,157
1.3246802190621296,0.3084984962059829,2023-04-07,2022-10-11,16,158
1.6763893136815584,0.35279766009374736,2022-03-11,2022-02-10,11,159
9.515215407528814,0.21101697441767542,2023-01-01,2021-08-31,17,160
2.10155314703903,0.4571521276631153,2021-10-31,2020-12-18,18,161
0.9654316993118603,0.5702358081916874,2023-11-28,2022-01-20,19,162
8.626282502658224,0.07316684690521313,2020-05-16,2022-12-10,12,163
5.917966617489059,0.1335284851401003,2022-10-19,2023-06-02,18,164
6.9077065234283825,0.8681197693986091,2023-02-23,2023-08-11,17,165
4.9339799093834005,0.907883203508596,2022-05-20,2023-02-21,12,166
1.7931741332013107,0.06565751656419239,2020-04-15,2023-07-11,13,167
7.550331583778442,0.04650971453945496,2023-08-27,2021-02-17,15,168
9.129544307859012,0.2442239579563904,2020-04-27,2020-08-11,16,169
7.272120204561784,0.8732659119368499,2023-03-11,2020-11-03,10,170
0.5097389140264742,0.30948654981243373,2020-01-07,2020-12-19,15,171
9.244783532531931,0.5811539219321772,2023-03-12,2022-03-01,13,172
7.679509998837706,0.7391721008709379,2023-10-17,2022-06-10,10,173
1.9006441938357217,0.6686118897966667,2023-02-08,2022-03-19,12,174
5.94205530766855,0.7316580461359873,2023-03-24,2023-03-22,10,175
6.206322374248842,0.2834316854540715,2021-05-24,2022-10-04,16,176
5.4551631139553,0.4588812117818414,2022-06-15,2021-10-17,19,177
5.188241217422738,0.746820661578786,2022-05-07,2022-10-04,10,178
9.740274753121476,0.49379657876077243,2023-07-29,2023-03-04,16,179
5.463487439311539,0.519071792044222,2020-12-04,2020-12-31,20,180
3.4681609294625364,0.6381254865695116,2021-11-12,2022-09-04,12,181
7.420464669165398,0.4810621220741611,2023-03-15,2020-10-09,19,182
3.369922779275785,0.8555469950385067,2022-10-27,2022-09-18,10,183
2.406342223735339,0.987393931807585,2023-03-20,2022-02-19,12,184
4.842110392454902,0.5370156397002331,2023-06-02,2021-06-24,10,185
4.866990724472564,0.1799466727775303,2021-09-04,2021-03-07,15,186
4.725665669575141,0.8338859069389947,2020-12-22,2020-03-12,10,187
5.040733624999132,0.8360109221109306,2020-09-16,2021-06-10,17,188
7.781246300447181,0.9763120371575592,2023-04-01,2021-09-25,20,189
8.70603578305014,0.06523468668854548,2021-09-03,2022-11-26,16,190
6.227039554632604,0.6907014737475784,2021-07-25,2020-02-09,18,191
0.7391441180156945,0.998655420931238,2021-03-27,2023-08-27,14,192
2.438970149360733,0.4263541260239614,2022-10-18,2022-08-24,19,193
4.5245424647045205,0.5029110700141856,2020-08-26,2022-01-26,14,194
2.818122278787522,0.4672499771652191,2020-08-07,2021-05-04,13,195
8.160324445386584,0.43384268193761033,2023-12-02,2020-08-29,20,196
6.852402335258338,0.7204884168649895,2020-12-21,2021-07-17,16,197
0.8853489660631093,0.34199332824148254,2023-06-30,2020-05-24,11,198
5.716890162973911,0.6487170768208048,2020-04-02,2021-11-27,17,199
3.673094658201064,0.535084678789012,2021-11-17,2023-06-26,19,200
2.615841834387422,0.7906077512396067,2022-10-23,2023-02-20,19,201
5.108546008554162,0.3174493166121104,2021-09-21,2023-03-12,18,202
5.017502380539464,0.6628020492121591,2020-12-13,2022-06-29,17,203
2.476002201310136,0.7672801685923164,2020-06-01,2021-04-24,18,204
7.010674855275707,0.7629996190528816,2023-02-13,2022-04-07,12,205
3.239984158439423,0.48475566282598836,2021-08-04,2023-07-25,11,206
3.9990702366599695,0.11626855838815275,2020-05-25,2020-09-01,20,207
8.946863064867678,0.814820229002292,2023-05-28,2023-12-06,20,208
9.076588154873795,0.24578944273520076,2020-04-19,2022-09-05,17,209
9.706583697112045,0.7801474631142394,2023-02-19,2021-09-24,19,210
2.964665897545448,0.010973979428693825,2023-05-18,2020-11-25,19,211
3.2268811214829816,0.5808776155387247,2021-04-29,2022-04-26,19,212
9.366572913607246,0.5160643378470944,2021-11-20,2022-10-16,11,213
0.8358625067859483,0.6304330329582295,2021-01-02,2022-11-11,13,214
5.018872027710594,0.12102378868341979,2022-11-27,2023-12-03,19,215
7.2827781411597,0.23093808438011654,2023-01-04,2023-03-31,10,216
0.5677088822787536,0.6320195627447873,2023-04-15,2023-12-25,11,217
7.539143527267058,0.1745057733534645,2021-10-11,2023-06-28,17,218
9.26762202082266,0.8934261629725272,2022-11-14,2022-07-02,18,219
0.7118919444084718,0.5126710648550541,2020-05-23,2021-09-05,14,220
0.6436263440198279,0.7283444964661135,2021-10-23,2022-01-24,12,221
1.8509907369753729,0.011959127210339204,2021-11-18,2023-04-21,19,222
2.4346760891739354,0.33098704246250277,2020-05-09,2022-12-14,20,223
1.0279305450338505,0.8787015752985017,2021-06-12,2023-02-12,18,224
1.2010840983111464,0.2363686647994686,2022-08-15,2021-03-16,16,225
3.882493086306665,0.4430957977817399,2022-02-19,2020-03-09,10,226
8.363761090912782,0.7878068878837539,2022-10-24,2023-10-25,15,227
6.839266827049961,0.516887382399507,2020-10-12,2022-12-23,11,228
1.5109781932613302,0.5845665302242118,2023-01-28,2021-10-12,10,229
0.660694974568595,0.6483215545671555,2021-09-13,2021-06-07,19,230
2.4722068745803085,0.45128320573357383,2023-07-04,2020-05-12,14,231
8.494954984938914,0.4096855791668855,2023-07-28,2021-04-06,16,232
3.329485674643581,0.9749938218002407,2020-01-23,2021-08-26,19,233
5.741899664440559,0.4183115740920129,2023-08-31,2020-07-04,17,234
8.796110361131829,0.22841986613187004,2022-07-09,2020-01-18,16,235
8.026664784060616,0.7800650508557799,2022-08-13,2023-05-02,15,236
3.3971421298618747,0.3111713351994503,2021-01-27,2023-07-30,17,237
9.61531237713432,0.5175111634825978,2023-05-07,2020-04-24,15,238
7.10493252894425,0.7013526683528627,2020-10-10,2023-11-09,19,239
4.643715910504928,0.6563515029476092,2023-01-01,2023-06-16,19,240
1.2838490056813,0.7027582052376153,2020-12-02,2023-05-04,14,241
9.30635025836599,0.9289628035258153,2023-01-02,2020-05-14,18,242
5.567152586655171,0.1257654422758806,2023-07-04,2022-10-17,18,243
6.550642877962324,0.8433001270802288,2022-09-11,2023-12-16,19,244
8.398459532331795,0.5457512139661841,2022-03-14,2020-05-18,13,245
9.755032925752614,0.18796898226153647,2023-06-25,2021-05-11,16,246
9.361758965983057,0.6673345599337714,2020-11-26,2020-03-09,19,247
5.0887564109334065,0.027745888911733685,2023-02-10,2020-06-14,17,248
5.2634642684641975,0.6932961943181055,2022-09-08,2020-10-05,10,249
4.212577518953347,0.9784076362592826,2023-12-14,2023-11-02,20,250
7.56879633100727,0.15543271319977014,2020-07-12,2023-10-03,20,251
4.985139265437656,0.5573375038364355,2023-01-20,2022-01-16,18,252
9.928206370973424,0.41630831041547156,2021-07-11,2021-12-06,12,253
7.405671857199196,0.12534199552670455,2021-02-15,2020-05-06,12,254
4.182139275480549,0.48379459681622816,2021-07-02,2021-10-30,17,255
7.7387518268313515,0.7571196430707927,2020-05-27,2023-12-12,14,256
8.528538388383406,0.8773653963625769,2023-11-07,2021-12-24,17,257
1.7801121195539447,0.1976418713209751,2022-11-09,2020-01-04,16,258
8.829940282687534,0.05227556246899434,2022-08-14,2023-02-12,14,259
2.020238382956718,0.7733878025113997,2023-12-01,2020-08-22,20,260
8.897725769800822,0.9385227874512678,2020-02-26,2020-03-10,14,261
1.3501885009842072,0.6250207072264091,2021-07-29,2021-01-31,20,262
9.812814620600742,0.8886763455900807,2022-01-04,2021-12-10,18,263
2.427166292702492,0.06431368762896317,2020-08-01,2023-07-29,18,264
6.561241539828192,0.29819807110423757,2020-04-27,2021-09-26,14,265
2.01678777000398,0.1045702205833352,2022-11-18,2023-01-29,12,266
9.84384342751227,0.5738674951192283,2020-03-03,2023-12-23,18,267
2.9750226426530526,0.44809299680293957,2020-01-02,2023-04-17,18,268
0.7808094922433054,0.20157005652653648,2021-06-21,2020-06-25,11,269
0.7243324268058542,0.9677771791433984,2020-03-17,2023-03-20,20,270
3.6371557179333687,0.6327934046789059,2023-04-05,2020-01-20,20,271
9.157481811474618,0.6440185697724736,2022-10-13,2021-11-19,15,272
8.853048669406727,0.3835745108693587,2020-06-04,2020-09-01,12,273
7.974640090152256,0.3549563092347203,2020-11-10,2021-01-27,19,274
4.191321860836965,0.12118402316827581,2022-06-07,2022-12-12,16,275
4.815259415895691,0.4589993961495902,2021-12-31,2021-06-13,12,276
6.270447965412864,0.7729418860140147,2022-05-23,2023-07-17,16,277
5.415518162231253,0.045940507863478586,2022-04-29,2023-09-11,13,278
9.834865951947018,0.8360382848454878,2020-10-25,2023-01-02,19,279
8.236489472778583,0.7974988643991803,2023-04-25,2022-04-02,13,280
1.2652797038991563,0.2509349700540445,2022-04-17,2021-01-05,10,281
8.297872315829045,0.14043978351245168,2022-01-29,2023-01-20,12,282
7.114908407410232,0.17396145075350933,2021-11-17,2020-09-30,10,283
7.91149853646905,0.5354514459203615,2022-07-20,2020-03-24,12,284
7.105584378974381,0.9383676615699771,2021-09-08,2020-04-18,15,285
8.952236418136113,0.9262535875638712,2020-04-05,2021-06-24,14,286
5.646847109518972,0.8921600904505141,2022-12-04,2021-12-26,19,287
3.3960977436567403,0.9549020810374009,2022-09-05,2022-02-24,11,288
6.318686473172992,0.2603740439822273,2022-06-02,2023-05-20,16,289
5.963501356294203,0.41722058206073165,2021-12-05,2022-04-07,19,290
8.255967999068226,0.10312987515647531,2022-02-15,2020-07-12,20,291
4.114443507500612,0.5646689172318159,2020-07-15,2020-11-08,18,292
1.3334375830280856,0.2826160013991179,2023-05-11,2023-05-14,19,293
5.621321935684759,0.9036250112288525,2020-12-13,2023-12-03,10,294
4.719429118260545,0.8311095895794696,2022-08-07,2021-03-08,18,295
5.106972113496505,0.397925063993846,2023-01-24,2020-01-17,17,296
5.5045262485316675,0.3792105002386337,2020-07-08,2021-03-25,17,297
7.319613735139566,0.20401970218881715,2021-05-09,2020-06-05,18,298
9.773650386261846,0.2728264107320325,2020-03-04,2020-02-22,18,299
7.897812952253332,0.4714297258197925,2023-12-26,2020-01-28,11,300
0.6629844344423945,0.014058836107236017,2022-01-26,2020-08-09,12,301
0.5777474278712118,0.295436182491819,2022-12-13,2022-03-06,19,302
4.9821707025230015,0.08620674207519874,2020-10-03,2022-03-20,12,303
3.5609632710980286,0.7700373108512291,2022-07-04,2021-11-16,12,304
1.847130973968751,0.6315690570919912,2023-07-05,2020-02-13,10,305
8.937817293675359,0.0723524164691185,2022-05-02,2021-12-12,14,306
1.010212088681024,0.7281459982985653,2023-03-06,2022-02-25,14,307
9.66850982461548,0.601891286970782,2021-09-09,2022-09-18,14,308
0.9058546715923956,0.8118405186321437,2022-07-06,2022-12-12,18,309
6.090671925802081,0.8185098469778302,2020-11-13,2022-03-26,10,310
9.894248285908205,0.7182276163345637,2020-11-08,2021-06-02,18,311
6.982971228035497,0.24532478511923606,2023-08-30,2020-02-04,20,312
9.259349213270953,0.10547068064952125,2020-07-12,2022-03-06,18,313
9.448572275763606,0.38551314736490205,2022-11-04,2023-03-23,11,314
1.0896168693141577,0.7337540020927265,2023-07-14,2021-04-08,13,315
9.623470278208137,0.6529590910989842,2022-01-31,2023-10-22,14,316
9.891686705620602,0.6712399469468243,2020-05-10,2020-03-19,19,317
4.75514702577918,0.6405302563058145,2023-05-06,2021-03-03,10,318
3.109834585736273,0.4385356549834495,2022-02-19,2022-04-21,18,319
7.65372708506211,0.010113492547591085,2020-02-27,2020-07-08,17,320
1.07341911544983,0.6501489944323053,2022-07-02,2020-08-18,11,321
4.303102206083379,0.5963367208345486,2020-12-15,2023-04-14,14,322
5.079318136456863,0.9303894115326083,2020-12-11,2023-01-30,18,323
6.639794686849854,0.038472267077687916,2021-11-08,2020-09-18,18,324
5.013962087655856,0.892401731715472,2024-01-04,2022-09-13,20,325
5.301903228479447,0.2920214067315421,2023-09-29,2020-03-30,12,326
0.8674718023860482,0.32885317008991255,2022-11-13,2021-05-05,14,327
7.76269354553167,0.8457141445385228,2023-08-20,2023-09-21,17,328
1.6757989288699222,0.20074383877187496,2023-06-10,2021-08-13,12,329
3.0997589441581446,0.32206949868576296,2022-10-31,2023-02-02,18,330
4.918077101988208,0.9616775521937279,2020-09-28,2020-06-30,15,331
9.430224817856576,0.6114556474643986,2023-06-16,2021-04-01,19,332
5.960333355456881,0.5678136605295354,2022-12-26,2021-11-05,13,333
6.296988722721301,0.040807500550341325,2023-08-22,2020-05-02,10,334
8.566892718756794,0.17246683440304533,2023-12-01,2022-08-23,13,335
0.8909979303766955,0.4025275151683171,2021-11-26,2023-03-30,17,336
1.6059179967758728,0.2822180011622344,2021-11-12,2020-08-23,18,337
6.773622099488533,0.6605619758385571,2023-02-01,2021-09-15,10,338
4.053069096080242,0.8248574175620744,2021-02-06,2022-06-15,12,339
1.6183486818698094,0.2750686088056399,2023-04-06,2020-02-25,12,340
2.8979747488700274,0.2740788582142891,2020-11-08,2022-04-02,11,341
6.637792055614836,0.4942244216439815,2021-10-04,2021-07-10,18,342
5.586212645791004,0.638538869079904,2021-03-09,2023-01-17,19,343
4.471154628011729,0.049898646145673964,2020-10-16,2020-04-21,14,344
6.697505192731636,0.9259217812110014,2022-07-15,2023-12-07,13,345
0.6112078920281779,0.016323085213436617,2020-07-17,2021-05-02,17,346
9.433960617561599,0.9926775486291872,2022-01-04,2023-10-21,18,347
8.396301860057122,0.6451251416551848,2022-11-12,2021-12-08,13,348
7.930418772812501,0.30183591118577124,2023-07-04,2023-04-09,19,349
8.481330052276789,0.7365621052693418,2021-03-31,2021-10-14,18,350
3.4264231575063797,0.13061800233936893,2021-01-02,2022-02-10,17,351
5.126750241575064,0.5267878028850888,2020-04-15,2023-06-10,12,352
7.331655721541791,0.6270787169476671,2022-03-03,2020-04-20,11,353
5.945524763978007,0.01607356348268052,2021-05-03,2020-01-15,13,354
8.257828612341978,0.37656426054552294,2022-09-26,2022-03-22,10,355
9.029606125130083,0.6863273084828675,2020-10-28,2021-03-19,15,356
5.565935990544022,0.2822558197436148,2023-01-09,2023-10-01,17,357
3.1644460458828347,0.8848843196476267,2020-08-18,2023-03-04,17,358
5.859839186897589,0.7484363028770286,2023-11-24,2021-01-16,19,359
7.19712608998185,0.04403392507437753,2020-01-24,2023-12-30,11,360
7.1785204209870255,0.5595652853992811,2022-03-17,2021-06-14,10,361
0.5462255191581422,0.404191103722392,2020-02-08,2023-01-08,11,362
6.889560627895081,0.4150787002421913,2021-05-20,2023-12-28,11,363
1.8954187706677343,0.6687962017356328,2021-09-06,2021-03-25,18,364
7.747888784834738,0.8521309860188407,2023-02-16,2022-07-16,10,365
9.931322538851848,0.1532242592831906,2022-04-26,2021-07-26,18,366
2.47956972270019,0.6728934286821496,2022-08-11,2022-09-20,14,367
7.672134561499565,0.5846977694930714,2020-07-05,2023-11-02,12,368
2.066044159140163,0.96584547407576,2023-03-15,2020-05-20,16,369
8.168041741490741,0.8098943607802184,2021-12-30,2020-10-13,12,370
4.679862155882483,0.4438290390131773,2021-04-29,2023-03-23,13,371
7.398924893593564,0.3687953317583448,2020-07-31,2022-12-14,12,372
4.497552788045995,0.01732517268719358,2020-03-05,2022-10-28,18,373
1.1659071165835158,0.9057543454865178,2023-02-12,2022-02-22,16,374
8.965045196941816,0.30761503949926483,2021-09-05,2022-03-17,20,375
6.162847330844418,0.7392481180426165,2023-10-06,2021-01-05,20,376
8.008915281133055,0.9835363958848653,2022-02-17,2021-02-21,14,377
7.789444518103863,0.45615281624672344,2022-08-23,2020-01-26,17,378
6.825122244931981,0.34111320366737996,2021-12-13,2023-10-16,12,379
3.4973826820324208,0.2756628601008866,2023-04-19,2022-11-02,20,380
4.593318966009765,0.9777627475569641,2021-09-22,2022-08-19,19,381
4.400754265365114,0.5952095454404797,2021-03-15,2022-07-26,13,382
5.02521029480553,0.9407646636630113,2023-08-22,2020-08-02,18,383
1.720733474274188,0.8558049152859881,2022-06-20,2023-12-24,12,384
5.302812729764599,0.24378711167258704,2020-05-29,2021-10-14,19,385
1.9650040987989223,0.5847427271759643,2022-10-01,2020-02-23,15,386
1.38375354302056,0.8722141416299579,2022-03-27,2022-11-08,16,387
0.7005107671826514,0.1999093121776524,2021-10-31,2021-03-18,11,388
8.213016921735123,0.7485985486779037,2023-12-13,2021-08-30,16,389
7.210778507732614,0.1583184214973412,2023-10-27,2022-05-31,19,390
8.257897198897014,0.25753768849392755,2022-01-15,2023-07-10,11,391
1.5697022876585045,0.9330478889747522,2021-06-28,2022-02-22,16,392
5.112719501928698,0.7552255909848797,2023-10-30,2022-04-30,20,393
6.486694768031211,0.7302993444975184,2021-09-21,2023-11-20,12,394
6.169062325158468,0.9649067994848324,2020-11-24,2022-03-30,11,395
1.463716530287455,0.4175107519791166,2023-07-03,2021-04-23,10,396
6.092919624002128,0.6226776325487348,2023-08-31,2022-06-06,20,397
6.561767130940867,0.9642711849670683,2021-07-12,2021-12-04,10,398
7.831257734921418,0.3318518387027648,2022-04-16,2021-01-09,15,399
1.0716436318722016,0.32261379031312076,2021-07-11,2022-02-18,18,400
9.766994688930266,0.6007550693278152,2020-04-12,2020-10-11,17,401
8.337555754433808,0.02676721380053404,2022-03-20,2021-02-21,15,402
4.193635723663395,0.032759378473810274,2020-06-24,2021-06-15,15,403
3.6539732626010757,0.48743365602081756,2023-06-10,2023-08-24,19,404
7.632862521331008,0.9776113791329304,2020-09-24,2021-06-14,15,405
6.398257790444923,0.6980104073701082,2021-10-09,2023-03-26,14,406
2.4458114737812626,0.12845090398130699,2020-02-01,2022-01-23,14,407
6.010166123971836,0.775047945051273,2022-01-24,2021-01-13,16,408
6.438905224366104,0.15819366825128522,2020-08-04,2021-07-24,17,409
6.320273243190828,0.3558607796985763,2023-10-19,2020-03-28,11,410
3.6546992667540366,0.19786362509214883,2020-04-09,2023-07-17,18,411
7.327745761806729,0.2612032768267206,2021-06-23,2021-07-18,13,412
1.9188992098013564,0.9421834411697554,2021-12-11,2023-07-12,14,413
6.022389137409692,0.4799407509104532,2021-12-01,2023-09-25,20,414
9.96208011703209,0.8862119675470116,2020-03-11,2020-03-06,19,415
1.4323322673664323,0.0343519234892844,2022-03-08,2022-05-30,15,416
4.333433546406377,0.7235682970575451,2023-07-06,2023-07-07,19,417
5.129947563684203,0.39791103788092586,2021-03-29,2022-04-14,17,418
1.8498571306093492,0.9291899987943313,2021-06-30,2021-06-20,19,419
3.6964737223220197,0.6485469059434659,2023-11-23,2023-05-14,19,420
9.413713092703018,0.24273982772449398,2020-03-22,2022-09-10,19,421
9.85899827443134,0.8302816792642032,2023-03-13,2022-10-06,18,422
3.905625049222025,0.008138567473022107,2022-06-18,2023-05-05,16,423
9.549680251133871,0.7699265829760333,2023-11-28,2022-05-23,15,424
6.825654484634034,0.43866048014104797,2022-06-28,2021-06-22,13,425
9.129688511428718,0.0671150692930893,2023-10-12,2022-09-05,10,426
5.092131823475212,0.0650270557272723,2020-10-07,2022-04-29,20,427
2.756988496291886,0.646858282748421,2020-03-07,2023-03-26,19,428
8.20838811780419,0.8343110793031032,2022-04-11,2022-03-07,13,429
9.835257305705152,0.3189699510473658,2021-06-04,2023-02-27,13,430
4.164483710412978,0.9930903601894373,2023-05-25,2020-01-17,11,431
0.6121702537114722,0.2166059855817185,2023-05-07,2021-08-18,12,432
0.8187610406727732,0.16753197615637472,2022-04-10,2023-02-21,11,433
9.693958837226248,0.31416513890478526,2023-08-22,2022-06-28,12,434
6.563390842800348,0.7688015078851466,2023-09-23,2023-06-09,14,435
1.3910541657610764,0.7985165489237065,2022-03-26,2022-12-27,12,436
5.858440100743173,0.05953417982635201,2021-08-06,2024-01-04,19,437
3.60365661493546,0.39397938959967216,2021-04-20,2021-10-01,19,438
6.564878056878211,0.9180640584200944,2021-11-18,2020-01-16,14,439
2.777658893052049,0.6807025903518316,2022-09-03,2022-04-29,14,440
0.8686003086464429,0.3076788713197236,2023-10-19,2021-06-20,11,441
2.237815522628213,0.23291290775099516,2022-08-22,2023-08-31,14,442
2.4436978210335694,0.41005013464323326,2023-08-10,2021-11-10,11,443
9.96075146125952,0.44490256016481267,2021-01-18,2021-10-12,20,444
6.83994633005559,0.09085168938184218,2021-03-02,2020-03-29,17,445
6.284078297991043,0.00754791374229602,2020-11-17,2020-01-08,10,446
3.2255073296235057,0.8275252773565016,2021-03-15,2022-03-31,17,447
5.32781818678212,0.5864521516643798,2021-06-08,2021-03-05,20,448
6.606717217607519,0.07112773247264947,2020-04-22,2020-02-01,17,449
8.340627126404815,0.45904263436968895,2021-04-22,2022-07-03,12,450
0.8706194860580634,0.9200491511662562,2022-05-14,2023-03-16,13,451
6.068145279171278,0.5678878559813311,2022-11-12,2020-09-16,17,452
2.638179810265548,0.9065795883034968,2020-04-15,2020-12-01,20,453
9.937054427721828,0.12445565711327433,2020-09-17,2021-08-04,12,454
1.7861973369500086,0.06243564917791988,2021-05-06,2022-10-20,17,455
3.561639421561954,0.2358031972786061,2021-03-09,2021-02-19,11,456
7.745313113100353,0.3343916007448906,2023-11-02,2020-05-01,18,457
7.128960547738952,0.6072130481702245,2021-03-27,2022-04-12,18,458
2.334266884169807,0.22742068643860802,2021-10-01,2022-12-05,12,459
1.3055856255089708,0.7876489278377606,2021-06-25,2022-07-04,12,460
3.96368043010836,0.3106706723524588,2020-11-29,2021-08-09,16,461
7.458274446991097,0.11760656771339018,2023-10-07,2023-11-26,10,462
1.4783294610034572,0.8243726765684425,2022-03-21,2020-01-01,12,463
8.558043083342877,0.11071920740274,2022-04-13,2022-08-12,12,464
9.209604397789553,0.6628369448344797,2020-01-11,2020-05-24,17,465
5.545158624827159,0.6389173187703245,2021-09-28,2020-12-17,10,466
5.085219320002,0.936816191726406,2022-06-03,2023-10-28,19,467
7.9107391696726825,0.38393317958044515,2020-06-17,2022-02-20,17,468
2.1885011501623035,0.41759010296064736,2020-09-24,2021-02-13,14,469
2.4128041045181186,0.4109738881692363,2020-05-29,2023-01-21,20,470
7.110808337240822,0.10958206332412357,2021-06-16,2021-05-23,13,471
9.144445816874356,0.6094907864800804,2023-06-07,2021-02-27,16,472
0.9310366477825904,0.5644593636839403,2023-03-28,2020-06-06,15,473
9.42056863473745,0.07472331727758219,2021-03-18,2022-04-20,19,474
1.43278987604315,0.9041485967189002,2021-10-21,2021-05-04,16,475
4.282653972225733,0.38407408588076164,2023-03-07,2022-09-20,11,476
1.317334498034148,0.0028953571252519072,2023-05-02,2020-12-11,13,477
3.18386731773551,0.9045452530507604,2021-08-08,2020-12-08,12,478
9.627372972542902,0.3639421477163851,2022-11-12,2023-04-06,10,479
7.984627517253392,0.6427529028835525,2022-10-18,2021-05-16,10,480
1.9962904686954455,0.00843361873506887,2021-03-08,2023-10-02,15,481
6.296738440731976,0.1568524433019276,2020-04-18,2023-01-28,12,482
9.094179989711296,0.6784956832156789,2020-10-02,2022-05-13,11,483
2.1930808112745996,0.05155122674348411,2022-04-07,2022-01-05,19,484
9.74367654604329,0.7531249389919815,2020-10-19,2023-05-01,13,485
1.9475799060306576,0.4002360407425528,2023-11-24,2020-01-24,19,486
5.401857515477701,0.7166595680753126,2021-02-10,2022-03-12,15,487
8.466573629523424,0.9299910637119665,2020-05-17,2020-07-27,12,488
1.6943545766380184,0.21589798445494135,2022-06-17,2020-11-20,19,489
2.1585238456261937,0.7282312095243556,2020-01-28,2023-05-28,15,490
1.6589586987274323,0.8125951812433861,2021-01-13,2021-06-18,12,491
1.3402704548547903,0.4058862143464732,2023-02-02,2020-02-14,16,492
3.0300879711087436,0.886961955407591,2021-06-03,2022-01-21,15,493
5.4697574755674,0.5164909323100323,2020-09-03,2022-06-28,17,494
2.5265937644544247,0.3584927308149706,2020-02-29,2023-09-30,11,495
9.645146253812767,0.3029669697269628,2023-09-28,2020-08-17,20,496
5.335557770184623,0.5030295162789512,2021-11-22,2023-05-05,14,497
1.7858372186116294,0.3726179576640848,2021-02-19,2021-03-09,14,498
6.621799341172336,0.025992254242484636,2023-02-17,2020-06-22,14,499
3.2522613880867404,0.8742439338741683,2021-02-26,2021-08-28,10,500
4.234190352904363,0.12818689647013137,2021-07-27,2022-12-29,17,501
8.422857730967294,0.058915795496453316,2021-10-30,2020-03-31,18,502
7.1075396683495935,0.5486386251446193,2021-06-23,2022-02-13,14,503
0.7981382992042874,0.48199107572714506,2020-04-08,2021-10-10,15,504
5.854801208357285,0.8718864297421827,2021-03-14,2023-12-17,12,505
4.15344593842193,0.09177875708596928,2023-04-21,2023-09-02,18,506
3.340508142998254,0.6204306547219103,2021-11-10,2021-10-22,16,507
4.789354973717797,0.34216489585934773,2020-03-22,2023-11-28,20,508
5.147993007953975,0.29655520284333714,2021-12-16,2020-05-04,20,509
9.097588128553973,0.8434582665418668,2022-05-31,2023-10-30,19,510
4.179889368358355,0.32625839545161217,2023-02-23,2023-01-20,12,511
8.84604881446583,0.7768432986930829,2022-05-24,2021-01-22,15,512
4.467515132405255,0.9201525501642617,2020-09-25,2020-05-21,14,513
6.5442653285299075,0.6256085031586468,2020-06-03,2023-09-27,17,514
7.887115740156224,0.5542142432081162,2022-10-23,2020-05-31,19,515
6.412170701894827,0.039213949979871154,2022-02-16,2023-06-12,20,516
7.398995097688318,0.8602153502757675,2020-02-25,2022-03-05,17,517
0.7865819835353587,0.0744459170047781,2020-07-17,2020-03-24,20,518
4.607367198453508,0.9766941509454877,2021-11-05,2022-06-12,20,519
1.7856783682512605,0.22762566893319425,2021-03-03,2021-05-30,17,520
2.0018324566944985,0.06982031797324673,2023-01-22,2021-01-11,17,521
1.1784465772936175,0.5673386229812606,2021-05-30,2021-10-21,16,522
4.243179567159815,0.6667663160681004,2023-07-04,2021-01-31,16,523
9.424897633020711,0.42800428665944035,2022-04-08,2022-12-23,20,524
8.782653352094036,0.14865097238028024,2020-04-08,2022-11-13,17,525
8.84046767974247,0.5988359996327909,2023-01-03,2021-12-12,15,526
4.050341701784583,0.9314368576054536,2020-01-11,2020-04-25,15,527
1.2707357826159167,0.7526273136979342,2022-05-27,2022-11-11,18,528
5.80743231133635,0.0790591635583342,2021-02-13,2020-12-07,10,529
4.5883509938505025,0.665182934419363,2022-08-28,2021-12-14,18,530
3.3637469192566405,0.585048941559,2020-05-17,2023-01-05,14,531
4.8180578792074975,0.5915842825365203,2023-08-15,2021-07-13,20,532
6.533879084114211,0.13496945222887335,2020-06-14,2021-06-14,16,533
3.132415381888343,0.8834644216307754,2023-10-30,2021-10-19,12,534
2.161725868397683,0.12960412085505346,2021-09-30,2023-01-30,15,535
1.7488207398522482,0.12510878145922366,2023-04-24,2021-09-04,15,536
5.011914027154769,0.9044960134434133,2022-05-16,2020-07-30,11,537
6.1050684967162745,0.8730478170514094,2022-04-02,2022-05-04,20,538
9.948612289152141,0.9524099716788491,2023-01-28,2023-12-25,19,539
6.7136968454791,0.946863299727917,2021-08-14,2020-03-17,16,540
9.21377681418538,0.8226389543770507,2023-12-05,2021-04-04,18,541
6.823943330688209,0.41697503269646097,2020-01-07,2023-05-13,13,542
3.7213485367340584,0.9944558812147557,2023-05-04,2022-04-29,10,543
1.3639794718125877,0.8566760142175424,2020-10-01,2020-05-28,20,544
6.723164534687641,0.47472461279412403,2021-11-11,2023-03-02,10,545
6.419766832085318,0.12409884198761678,2020-06-07,2023-03-13,10,546
1.0766271790028923,0.6264519110796141,2023-03-29,2023-09-03,16,547
5.6666782455710125,0.3820418397919504,2022-05-22,2023-02-11,15,548
5.337957292842769,0.2456795779393507,2021-04-05,2020-03-08,19,549
0.7411598467827619,0.364998986835702,2022-02-08,2020-01-27,14,550
0.9247624177630498,0.9315803798864247,2020-10-17,2023-04-01,13,551
4.195374471888609,0.23846966132406755,2024-01-02,2020-12-01,12,552
4.301804529694113,0.516692997597915,2022-05-23,2023-08-18,15,553
7.0634439954502,0.6515966765659866,2020-05-06,2021-04-02,10,554
2.5368292096193286,0.38238573461528613,2021-01-14,2021-02-26,18,555
7.026516732347135,0.2978260388484285,2020-10-28,2023-01-02,20,556
4.521249980120328,0.6909651332338373,2022-01-21,2023-05-25,17,557
5.20654937448141,0.3198455081723828,2022-09-12,2023-12-11,13,558
6.3272219385157324,0.9059952349125736,2023-08-10,2020-11-30,20,559
2.589294658871932,0.7008350638217277,2022-03-08,2021-08-16,15,560
1.0193692592533103,0.627691965142784,2020-03-24,2023-05-26,20,561
8.366717279661318,0.3947290058305465,2020-02-27,2020-11-12,13,562
7.390238984659732,0.25650439987010265,2021-09-25,2021-12-19,19,563
1.4794925008874458,0.21770600498340464,2022-08-01,2020-08-26,20,564
3.3720572938556668,0.5851461740601158,2023-07-28,2022-05-22,11,565
1.0316481153031076,0.07708284560299605,2021-10-20,2022-11-19,19,566
4.328094534360984,0.3806397821972788,2023-04-24,2022-12-25,17,567
0.6369963920185322,0.035500583094740246,2020-04-29,2022-10-15,14,568
3.8251867872307113,0.748187257088754,2022-01-12,2023-03-05,11,569
0.5865006593471284,0.5283241561329703,2020-06-30,2023-11-30,15,570
8.088951243605383,0.1592146309080874,2023-11-18,2021-06-26,13,571
3.6636788774933478,0.5375396497733679,2022-09-15,2023-03-19,20,572
4.331263600968759,0.5456384345762707,2021-05-12,2023-04-14,15,573
1.067258757750258,0.3599096575514604,2021-02-04,2023-09-10,10,574
4.151320365994862,0.021111556868153025,2021-10-30,2021-11-16,20,575
2.5074256320139483,0.8485434578853277,2021-06-29,2020-10-13,19,576
2.178421985083503,0.41237036673730676,2020-04-20,2022-11-13,17,577
2.0907146743254197,0.3393253592860649,2022-10-11,2022-09-27,11,578
4.215291441658314,0.5494735060993123,2023-09-28,2023-08-26,19,579
5.975289921805166,0.9549646069793146,2020-07-09,2020-08-08,14,580
8.819716106949667,0.35236312846741413,2023-01-16,2020-08-21,17,581
4.232888904579019,0.7824730032533298,2021-10-14,2022-03-01,15,582
6.750340561211182,0.21009943639593898,2023-10-31,2020-11-19,15,583
9.168938683148989,0.652158682829508,2023-02-13,2020-02-06,10,584
7.498722744328827,0.8182242712182408,2020-06-07,2023-11-28,11,585
3.619565923834559,0.5002888961299324,2020-05-05,2021-05-26,19,586
7.7799036958054755,0.3019888021845242,2023-08-15,2020-03-03,17,587
8.307335824561537,0.9807246842584705,2022-03-13,2023-02-13,17,588
8.501678365756906,0.0932768249371122,2020-04-14,2022-09-24,10,589
2.132997377743935,0.9681577172748981,2022-06-02,2022-08-27,11,590
8.84832375908948,0.3347952565474517,2023-09-15,2021-01-21,18,591
4.4596072405262435,0.8850917204099292,2020-03-02,2022-08-07,19,592
1.436925769256413,0.9654445107756219,2022-12-09,2023-06-05,12,593
7.777373355869816,0.08153737195239819,2022-10-20,2020-05-19,11,594
6.442420797752137,0.9113359451431425,2021-02-14,2020-03-07,16,595
2.7961440695113304,0.6959407486536721,2022-09-12,2020-06-07,12,596
3.2909608694829937,0.629863078549125,2023-07-04,2023-11-24,20,597
5.500357449170609,0.571242568995564,2023-08-04,2022-07-24,18,598
8.261040734915698,0.3336597985199058,2020-12-11,2020-03-28,14,599
4.809652952057285,0.4675679579415043,2020-01-01,2023-04-08,16,600
9.577027464777373,0.9088149289392834,2023-02-11,2021-05-23,12,601
5.328470929246374,0.23558344952545118,2022-05-20,2022-04-12,10,602
2.9202976093384687,0.1851241464094252,2020-07-02,2023-04-26,18,603
1.87229600592391,0.36292359702287147,2022-05-20,2022-09-28,14,604
4.4986982887718545,0.6429725689621035,2022-07-20,2021-11-19,14,605
1.1178304119233173,0.8835212954836358,2021-06-21,2021-02-10,18,606
9.360406451953121,0.6278184043754477,2022-04-23,2022-11-16,12,607
9.712036673687601,0.13303224361119415,2022-01-31,2021-01-02,16,608
8.71507421302012,0.5606556457262258,2021-08-05,2021-12-04,13,609
6.8402873788204905,0.39586312151602243,2022-11-18,2023-08-24,10,610
7.771000537840019,0.09769478673423204,2022-05-15,2023-10-06,18,611
7.045149784084311,0.18273980524506794,2021-12-12,2023-06-29,15,612
8.923587928144952,0.3008161828768575,2020-07-01,2021-08-11,16,613
2.341363552945067,0.3287116171561897,2021-10-22,2023-07-23,14,614
3.2881609936489484,0.4027526452637965,2021-12-01,2020-11-11,15,615
9.338839223581413,0.7907047826940579,2022-10-23,2022-06-11,14,616
9.983524272699741,0.9338469587932329,2021-02-08,2021-11-20,16,617
7.2688365857590895,0.5009240546119686,2020-08-29,2021-08-25,12,618
4.017418580383012,0.5151641632680553,2023-09-22,2022-12-08,18,619
1.0385419043779764,0.856189474416583,2022-12-19,2021-02-08,14,620
8.720336522134577,0.016202826636173895,2023-02-17,2023-05-27,17,621
1.5619627604141397,0.43309390819604987,2022-11-11,2020-03-31,18,622
6.685760927462188,0.30438865827195194,2022-02-09,2021-06-05,12,623
2.3014566921151136,0.30316659487902387,2023-04-06,2020-04-09,15,624
8.86527942623713,0.3401464862161029,2020-12-02,2021-11-15,10,625
3.809176016426237,0.30298200942282927,2021-11-12,2023-07-29,16,626
3.387068710986865,0.8019447256722262,2021-03-30,2021-09-11,18,627
9.645348661358291,0.05656694066734025,2021-03-20,2021-07-24,19,628
4.826208851143482,0.002333691404242222,2022-04-18,2022-07-31,13,629
0.6227362412944234,0.48510152612750923,2020-11-08,2022-03-11,18,630
7.367243057928398,0.799896241901268,2020-05-16,2020-05-28,16,631
7.812783203242257,0.8259212259424611,2021-09-23,2020-01-12,17,632
3.800535514727299,0.026967697009512626,2020-05-03,2020-04-15,13,633
3.753974287531312,0.5082688733515492,2023-02-26,2020-03-12,17,634
1.9489258951818065,0.1303023971702073,2023-01-15,2022-06-29,15,635
4.742612670003271,0.560241003107071,2020-07-08,2020-08-13,14,636
6.006173759998292,0.22401983010553228,2020-05-06,2022-10-23,15,637
4.803553358062724,0.29815276555515546,2023-03-07,2022-09-06,10,638
5.658137445358381,0.6238536530762672,2022-05-15,2021-11-15,10,639
6.420994293657962,0.9566462018141504,2023-04-01,2021-11-16,19,640
3.7426357588406205,0.4689374402504821,2022-03-01,2022-04-10,16,641
4.985996357640855,0.8830465301596878,2022-08-13,2021-04-28,11,642
7.125931893269722,0.3844786237514529,2020-08-27,2023-07-02,19,643
3.780705739247681,0.3747004313632518,2020-02-14,2022-12-31,17,644
4.111703454178597,0.5212478999034537,2021-05-27,2020-06-19,13,645
3.342370557863184,0.7255343921504401,2020-01-28,2021-04-15,13,646
5.651717864100356,0.3784452284732296,2021-12-13,2021-06-18,12,647
1.5746807820744992,0.8935918990809896,2021-10-09,2021-09-02,10,648
4.50650161627171,0.05991431599306318,2021-04-23,2021-10-30,13,649
0.587210467210862,0.5042456174011873,2022-10-07,2020-03-26,16,650
1.7057386372075745,0.8768201133991598,2023-08-02,2023-12-06,16,651
2.0494348573556196,0.35941913789227997,2023-10-01,2020-08-16,19,652
7.185771104940116,0.068162603853131,2020-11-20,2020-10-24,20,653
9.456331295742329,0.7057114075823325,2020-01-27,2023-01-15,16,654
5.192275383293342,0.25206118601546845,2021-01-24,2020-08-05,11,655
2.3072935946161133,0.2674523591276553,2021-02-02,2021-04-25,11,656
2.0704702832700503,0.20657476770199423,2021-12-06,2022-03-12,13,657
8.723089029766435,0.41246322610730113,2023-05-24,2024-01-04,19,658
9.334657449667887,0.06892640470695255,2023-03-30,2021-03-29,17,659
4.352656741877011,0.3562680831639602,2021-03-19,2023-01-12,13,660
5.219202461038286,0.9066575722252233,2023-04-04,2020-08-15,11,661
4.402921070180918,0.3451344484600568,2021-06-06,2022-09-10,10,662
3.3620795325676327,0.8873548959666715,2021-10-04,2022-01-16,13,663
1.0002180533130465,0.8229663905147218,2020-07-24,2023-04-16,13,664
2.939497784137574,0.8484171018819019,2023-02-18,2021-12-01,11,665
8.273701045025321,0.4170217886638239,2020-03-02,2022-01-16,18,666
9.957906043639698,0.14691947835899666,2023-11-05,2021-07-15,15,667
0.7370032287317914,0.8067949978545385,2021-12-27,2021-01-22,11,668
7.1765545808951865,0.39421306379038346,2021-04-05,2020-10-23,10,669
4.0758755976387135,0.8721033711762854,2023-10-13,2023-08-06,17,670
2.9724979413156825,0.008446810544041616,2023-12-02,2021-09-03,17,671
4.524328204735062,0.6110927834629544,2023-08-17,2020-05-19,10,672
1.3298285523306714,0.5505082306913984,2022-07-02,2021-09-02,12,673
9.438611364554607,0.0330978405942387,2022-12-03,2021-02-05,11,674
9.163651940955315,0.011379655991838655,2020-12-13,2021-06-10,12,675
5.679228050100438,0.3137599612799913,2021-01-10,2023-08-07,17,676
3.5348637290124563,0.8014769489941926,2021-09-15,2023-09-26,16,677
7.029689448673066,0.09437011212916835,2021-10-07,2020-06-08,11,678
7.6356484548339205,0.7626047742811752,2022-11-14,2020-03-03,11,679
5.067553056365525,0.8990480221693683,2021-12-19,2023-11-08,16,680
7.134153819998353,0.3565384857243411,2020-07-21,2022-12-17,14,681
1.656950441834858,0.7079899799177237,2023-03-12,2021-03-12,16,682
0.8872671833247318,0.6113635938644842,2021-02-13,2022-04-12,13,683
6.293251554792917,0.8788450918017865,2020-09-15,2022-01-27,14,684
3.006170477428672,0.3332669312990505,2022-02-16,2021-10-30,15,685
8.278467961414457,0.12150784720306462,2023-12-14,2021-05-15,12,686
9.249745761999701,0.8128735951790117,2023-03-10,2022-10-04,19,687
7.298163226630146,0.054873810156568226,2020-07-16,2021-12-24,17,688
8.471713443264422,0.2923191464435748,2020-05-15,2021-06-02,14,689
1.7720164838301682,0.518426707981453,2020-07-28,2020-07-25,10,690
7.823780506416145,0.9594627233802151,2023-08-01,2021-08-16,11,691
9.091652044115545,0.9589261012114652,2023-08-14,2022-05-17,17,692
8.778861820442472,0.41384244768443823,2023-12-28,2023-08-18,12,693
6.230576886389631,0.03339200323275915,2020-06-07,2021-08-19,14,694
1.8451198469451868,0.23069881520574564,2020-01-03,2020-10-03,18,695
6.815904192201279,0.055696339310492116,2023-06-29,2022-04-14,19,696
1.4267051318452428,0.49155227552378833,2022-01-26,2021-12-05,14,697
4.181353545574294,0.49715568907538676,2022-10-13,2020-07-06,16,698
1.186298743552762,0.850572336788624,2023-01-01,2022-07-01,16,699
1.0724147415454106,0.7268457523479045,2023-02-09,2022-07-23,15,700
3.5526064334547445,0.4451546025775277,2023-10-02,2023-06-24,20,701
6.014874903082296,0.21614068667027408,2020-07-14,2021-05-11,14,702
7.503862049804613,0.21268464084949923,2020-03-29,2021-01-07,20,703
7.422972995058402,0.8632349581292639,2020-11-17,2022-07-14,17,704
6.031014658080443,0.30686737120233365,2022-04-03,2020-07-15,11,705
6.814000016909733,0.6504768691861104,2021-10-15,2023-10-31,10,706
7.39573580633496,0.24001215895832329,2022-10-28,2022-03-17,14,707
4.12302366080713,0.14840102905694352,2020-06-29,2023-06-06,12,708
1.3373011520084184,0.3871606620058117,2022-01-06,2020-10-30,16,709
0.9172225059831939,0.5774695116858399,2023-09-15,2020-11-30,16,710
9.539003383096466,0.9698729766200654,2021-12-10,2023-12-30,12,711
8.18926983185155,0.5500803221080196,2020-12-12,2022-10-30,11,712
1.4185880058242668,0.9464505389066615,2023-08-06,2023-01-16,17,713
1.4892101205677477,0.41126959047387224,2022-07-25,2022-02-15,19,714
2.7318194668060305,0.2850859676421178,2022-01-16,2023-08-29,17,715
1.0183306218503907,0.66472211187979,2020-01-04,2023-11-22,20,716
7.298288703869797,0.21195506500097738,2023-12-12,2020-01-27,12,717
3.9266264903406647,0.4244134816979478,2020-03-24,2020-08-03,16,718
7.043822031027331,0.9814572780966807,2023-10-07,2023-04-03,10,719
6.986870146979166,0.3985717352022321,2023-08-18,2022-07-28,12,720
3.8833884511762196,0.6158641762225525,2022-08-03,2020-02-18,14,721
0.9918665979817847,0.07304257286549387,2022-07-19,2020-07-19,15,722
4.811767066446322,0.45375833041281466,2023-08-14,2022-07-31,10,723
1.6510133772898743,0.05717567969088588,2020-03-01,2020-09-06,13,724
1.3308435290005078,0.18071337813352062,2021-10-15,2021-01-06,12,725
0.5257585837284622,0.3314959562489833,2021-10-14,2023-09-10,12,726
1.158008138713942,0.6104836636017115,2021-08-06,2020-11-02,12,727
5.43279832808205,0.32835167922743613,2021-11-02,2020-10-04,20,728
8.223745266885103,0.30133857963958466,2022-05-20,2021-11-15,11,729
9.621257643709644,0.43896015334344074,2021-10-22,2022-10-25,20,730
4.752847054311215,0.47383324987965214,2023-12-09,2022-09-09,10,731
1.490090318259393,0.16083486982301898,2023-02-05,2020-03-03,16,732
8.917719801703834,0.853749139998305,2023-10-24,2020-11-13,11,733
6.790930823502269,0.6366977149345856,2023-03-14,2020-10-11,13,734
3.463193907496159,0.5163510785615563,2021-03-20,2022-05-21,15,735
1.8592601404221512,0.3623321609641632,2021-09-29,2020-08-04,20,736
2.1908729377472325,0.6251473248272652,2020-02-15,2021-12-02,19,737
7.731927439701952,0.33926358682615587,2021-12-03,2021-10-12,18,738
7.090700058183628,0.5795538865500889,2021-03-31,2020-11-03,14,739
4.967407484598452,0.9278384270123287,2022-10-15,2022-12-22,11,740
0.7401593718487741,0.3021461679886045,2021-11-22,2023-09-17,17,741
1.3142740033211417,0.06967085558498565,2021-03-31,2023-03-12,16,742
2.2572665611733274,0.736421331724831,2022-03-14,2023-10-26,14,743
1.5972609433283984,0.6013228729038173,2020-11-04,2023-04-18,17,744
8.589851305245292,0.90715644902983,2023-08-10,2022-03-18,18,745
5.110179492458066,0.6817812524158547,2023-11-27,2023-05-25,14,746
2.919340760107368,0.09873492314260512,2021-09-19,2020-11-22,18,747
6.795378688571973,0.8900724412819095,2021-08-10,2023-10-27,20,748
1.8607091368420727,0.9499816613850429,2020-01-23,2021-10-24,20,749
5.336548329901287,0.30402718595013156,2021-01-24,2023-01-09,20,750
0.9278950940232715,0.30358012455731564,2021-12-06,2021-10-29,14,751
5.063393991801103,0.8463275423912149,2023-08-03,2020-12-31,11,752
8.951094586102439,0.33925538220068985,2022-05-20,2020-03-22,17,753
5.081300209191597,0.738503890029646,2021-02-27,2023-07-01,17,754
4.611666598128401,0.019535993761817805,2020-03-20,2023-12-06,11,755
5.735492151310715,0.69783389609754,2023-06-15,2021-12-22,20,756
6.507470499730598,0.2823109884948143,2022-11-10,2022-03-20,19,757
4.148685045721641,0.04671538680935394,2021-03-17,2021-12-25,14,758
3.9239320266863307,0.38042662054773346,2020-02-29,2020-09-12,18,759
3.524932707037783,0.2602519181159064,2020-12-31,2021-12-12,13,760
3.1443155039032553,0.7500649666395862,2022-08-06,2021-11-23,18,761
0.5799754520012105,0.8564686178817332,2021-02-07,2021-04-15,14,762
0.904233501249583,0.6019986920014533,2022-07-04,2022-05-02,12,763
2.6079241167454494,0.27009768856172744,2021-07-06,2020-01-05,19,764
3.3173485595758887,0.6357685061917895,2021-01-28,2020-01-01,12,765
0.7583452411649776,0.48853412263327634,2020-11-14,2022-07-19,11,766
9.93959821789857,0.7825640147075228,2022-07-23,2020-05-30,18,767
3.8458802312322673,0.9443370976287099,2023-02-28,2022-08-28,15,768
5.948623632069046,0.34098908890346624,2022-09-19,2021-01-04,14,769
3.9871406413035477,0.16577176942464,2021-06-05,2023-10-21,19,770
9.700287170591206,0.24302007145670956,2022-06-23,2023-05-06,12,771
4.493726131142086,0.11501021904648068,2021-11-20,2021-08-08,18,772
7.648157838758701,0.2882177952146693,2021-04-10,2023-10-28,18,773
5.514480038929474,0.9995073206219245,2023-10-16,2021-03-24,15,774
5.532246274164624,0.3102962912720293,2023-07-15,2023-07-31,20,775
1.784448136801458,0.432858272203129,2021-05-25,2020-08-18,17,776
9.172497564257982,0.2984482057880684,2022-04-13,2021-06-08,15,777
5.025271053712046,0.800479015653895,2020-06-21,2022-10-10,20,778
6.658817297834389,0.5082982469023516,2020-10-11,2023-06-03,15,779
0.698850551332284,0.9344269254421943,2021-01-20,2023-10-24,17,780
8.129492704441475,0.9045699269054072,2021-02-17,2020-08-12,19,781
4.8916877870832645,0.6884071023488683,2022-07-11,2020-06-01,17,782
1.4041862170446113,0.06748310047053208,2021-05-31,2021-01-08,10,783
3.7993865576569514,0.8653820937907454,2022-09-05,2022-02-06,15,784
1.591488745140702,0.8088652510711477,2020-01-20,2022-02-18,13,785
4.23747607830663,0.3291685788174773,2021-09-06,2021-07-18,15,786
6.23808247950166,0.30191196195379744,2020-02-09,2020-11-19,10,787
2.846857070888287,0.22816299149960817,2023-01-12,2023-06-29,10,788
9.81216636134901,0.9890115934988443,2023-12-28,2022-05-17,11,789
4.971125005249812,0.08663810245010761,2020-04-21,2022-09-24,15,790
1.7678683481798423,0.640156567640358,2022-08-31,2023-07-18,17,791
6.878223745978404,0.336990752564303,2023-09-29,2022-04-21,14,792
4.589256179599747,0.21588790931059154,2023-06-18,2023-06-01,12,793
2.1955508658263927,0.3859318702591612,2023-12-14,2023-12-25,17,794
3.4426425951411117,0.9890274095174848,2021-04-15,2022-10-31,15,795
7.529203324338439,0.547528887213394,2020-10-31,2020-07-26,20,796
6.446575734549557,0.02614945186627904,2020-11-20,2022-05-09,17,797
6.751839561261224,0.1821217213500793,2021-03-28,2021-07-24,20,798
6.476478663081716,0.9448039551989775,2022-10-09,2022-07-10,14,799
1.5979594623996767,0.5504928921740664,2023-12-11,2021-10-08,16,800
1.8907868209660148,0.04516738589444458,2023-12-09,2022-06-05,18,801
9.600415939099806,0.683274569388931,2023-08-12,2020-02-11,12,802
9.986868983623413,0.6387052076928542,2021-10-31,2022-10-31,17,803
6.150459018274583,0.011771862887511864,2023-10-12,2023-03-10,13,804
8.810293556234186,0.6976246317708285,2021-12-15,2021-11-27,12,805
2.4173717965349124,0.433434383857065,2022-11-11,2023-10-17,20,806
4.0567782766477425,0.4114920588790344,2022-06-07,2020-05-15,16,807
9.483357640018443,0.38463521291843716,2023-05-29,2020-06-06,10,808
6.267581936640031,0.30219984181360704,2024-01-03,2022-02-10,16,809
9.950148371957283,0.4145986475330632,2020-06-14,2021-06-21,17,810
2.9501377220963585,0.9630467096126059,2020-11-27,2023-05-30,19,811
4.491383049123931,0.5273203093002984,2020-08-07,2023-04-18,18,812
3.44413373965941,0.314313272339794,2021-10-19,2021-01-22,14,813
5.70992827545343,0.6926461452786984,2020-08-09,2023-02-18,10,814
6.42943234172094,0.9785482061338704,2023-06-25,2023-08-21,12,815
7.96452893327079,0.20369768454955717,2020-06-08,2023-12-13,14,816
0.9472894790952358,0.6969835676050142,2020-09-18,2020-06-10,13,817
8.078177666860075,0.3185722417816399,2020-05-07,2020-07-17,15,818
1.3760202359592761,0.7441748710045738,2023-01-21,2021-11-24,13,819
5.329339209319694,0.5198103921506928,2023-03-03,2023-05-07,11,820
5.995207668512537,0.9929826470027929,2023-05-05,2022-06-14,12,821
6.108218865642326,0.22704427061311283,2021-04-10,2023-08-03,16,822
1.084268324999603,0.9857619419128364,2020-12-12,2023-11-05,19,823
5.967598587051877,0.4840842904356405,2022-11-18,2020-05-11,11,824
4.805348220570373,0.9378356850589553,2023-10-04,2021-01-08,12,825
0.7381745579020613,0.3305673668334147,2021-02-11,2023-07-26,13,826
6.246478891525703,0.8578864288373166,2023-09-24,2020-12-21,15,827
9.54003317924937,0.6915523342696546,2021-12-20,2023-09-24,19,828
7.9535673931697755,0.37143370106083506,2023-04-20,2021-02-09,20,829
7.234468839381211,0.730601222258215,2020-09-01,2021-06-01,17,830
1.9882794621171358,0.7484691144748123,2022-03-25,2022-10-14,15,831
2.4812898155628513,0.5530433454067817,2020-07-01,2020-12-10,18,832
1.0374258872707807,0.3954157561454954,2022-01-22,2021-12-17,17,833
6.348399353105911,0.4771126539970961,2021-09-29,2022-12-23,10,834
8.916166889850368,0.7031136046536532,2021-07-11,2022-11-29,19,835
0.7817085163231994,0.29825969803017716,2023-11-28,2021-10-15,16,836
1.4045322142585075,0.9552670074201723,2023-08-02,2021-11-25,20,837
9.733861043714901,0.5427775473510071,2023-11-16,2022-05-02,10,838
1.1480647830121435,0.26747983866078073,2020-03-02,2021-04-08,14,839
2.524304901553107,0.39393139372539543,2021-09-30,2020-07-17,16,840
4.1092022603833165,0.9397944031774954,2022-05-26,2020-10-22,12,841
7.619537404928306,0.9266816787463246,2022-09-25,2022-12-04,15,842
5.927487966658381,0.20182163686509869,2021-08-09,2020-06-15,10,843
2.5622686300426305,0.505737735446834,2021-03-13,2021-12-03,17,844
3.8491764383300815,0.7542653190745595,2021-08-15,2023-05-15,13,845
3.072821881697907,0.3886829980371309,2022-08-20,2020-03-06,18,846
5.022396716536747,0.8067427456279719,2022-01-28,2021-10-09,19,847
2.761817238053964,0.8485065528824849,2020-08-26,2020-11-10,19,848
8.108580739769117,0.36101923090789656,2022-12-02,2020-11-29,11,849
6.272186449911115,0.385696122377281,2022-09-18,2022-07-02,11,850
7.820981801915731,0.37672192009289207,2022-12-29,2022-08-17,17,851
0.8367993446474824,0.9893320807741265,2021-08-22,2023-04-11,17,852
1.343234211846871,0.3723041685478996,2023-12-09,2022-11-26,16,853
3.9337097467251545,0.19141965744815126,2020-07-09,2022-08-28,16,854
1.3502579331552318,0.8501845349594094,2023-03-10,2021-05-20,14,855
7.889730870149442,0.23021738407834658,2021-12-17,2020-03-08,17,856
1.1161831401302418,0.789668998569439,2021-12-11,2023-03-04,10,857
7.695931591823232,0.3797993497825436,2023-04-11,2023-09-16,20,858
5.2116246875523125,0.25195432922468486,2021-10-09,2023-11-17,16,859
8.494518882937689,0.3177302394069208,2022-10-29,2023-06-03,12,860
8.021918683275207,0.00026318463916630286,2023-03-22,2023-11-24,19,861
5.183924766420776,0.3245088048288036,2021-04-04,2021-06-01,20,862
8.685310093960597,0.6815582502279345,2020-07-03,2021-03-28,16,863
9.032332084842274,0.9748149989064661,2022-07-08,2023-03-01,20,864
2.9486857445970442,0.4797003959461674,2021-03-12,2022-08-10,19,865
8.96916065042923,0.11726405989027922,2020-06-21,2022-04-08,11,866
7.033439465562277,0.7373671163768065,2022-11-15,2022-05-14,13,867
6.434976175263006,0.19978261539277575,2023-05-07,2021-05-28,14,868
1.404505796699122,0.39478746979228363,2020-08-11,2023-06-28,16,869
6.343846738630875,0.586885450483793,2020-03-02,2022-08-18,12,870
7.137914837444782,0.1731271331707146,2020-10-18,2023-12-29,10,871
2.43788153038232,0.5283750189499257,2022-12-28,2022-09-30,14,872
9.694925839674335,0.6554491567155759,2023-12-06,2021-02-10,14,873
9.311991200846776,0.4195552387788548,2020-09-20,2022-07-29,20,874
6.551103929202887,0.6401330465626666,2020-03-14,2020-08-28,20,875
5.46750749824781,0.7896818972173464,2021-12-28,2023-05-03,12,876
5.061862034179327,0.30648712753190843,2021-11-20,2021-07-16,10,877
4.258472236812258,0.030251072197368112,2020-12-28,2023-07-31,19,878
7.295410743321055,0.7378963095845091,2021-08-21,2020-02-03,20,879
3.175066360759846,0.6383608113059569,2023-07-21,2021-08-30,13,880
9.356880452529952,0.02535567488025703,2021-01-06,2021-07-26,11,881
8.0030224683491,0.8805313575683471,2022-06-02,2021-02-07,14,882
3.999009434638385,0.3635453910136507,2022-10-14,2021-08-03,14,883
8.017574169090256,0.04673386832913229,2020-04-25,2021-01-17,10,884
3.364117985719642,0.7473754540288648,2023-11-13,2021-12-12,14,885
0.8732507201753124,0.8453284562184004,2022-12-16,2022-07-06,12,886
0.5238412914157721,0.5468435401042308,2022-06-11,2022-01-15,13,887
9.946063766709138,0.3600401733411459,2020-05-13,2020-11-10,19,888
9.826939371662846,0.2345851080674689,2022-01-11,2023-08-06,13,889
7.3375075500764275,0.49029002986680525,2023-05-05,2022-01-04,20,890
9.017972154387616,0.7438619221049669,2023-03-28,2020-06-19,11,891
8.91786859461341,0.9128272591913998,2021-12-26,2020-05-06,18,892
2.373919771302443,0.7504617307632645,2020-03-18,2022-11-07,17,893
1.1139807429750688,0.8463188702181941,2023-11-25,2021-03-05,10,894
1.2904930094816178,0.47268263220776763,2021-12-16,2023-03-26,11,895
4.704404349593361,0.0912357346406274,2021-08-11,2022-10-16,18,896
1.4711034891350265,0.07450512291754385,2021-08-23,2020-09-03,14,897
6.58633892415932,0.3620675862861249,2020-11-19,2020-02-27,17,898
8.555453197082551,0.18575654867674962,2022-02-26,2023-08-20,10,899
1.6651687064997565,0.5507171598202095,2023-06-02,2020-04-02,17,900
1.8686542652779852,0.5383108488858581,2022-01-03,2023-05-30,16,901
6.980729591351018,0.9173764118197378,2023-08-10,2020-08-23,13,902
5.196752631013916,0.6396706113036228,2022-11-10,2023-07-11,12,903
3.797752436101818,0.4496490360189238,2023-09-07,2020-10-17,19,904
5.262759370584163,0.11236186468048459,2023-04-26,2023-03-28,14,905
7.587108138588004,0.4343553139366073,2020-06-24,2023-02-10,18,906
3.837078513522084,0.7615513446164205,2020-10-02,2023-03-28,20,907
6.4412152766632484,0.4204816017586719,2021-02-05,2021-12-25,11,908
9.268393432362489,0.7983084370654348,2023-02-16,2020-03-20,20,909
8.225773069373396,0.08612659803198741,2020-01-25,2022-06-12,19,910
2.802722378792836,0.8796339538488659,2020-09-11,2022-10-11,17,911
2.00185939625055,0.39045387504219,2020-04-07,2022-07-29,20,912
1.1845132987561133,0.36099368426637346,2023-01-15,2023-06-25,20,913
7.229762178626521,0.44770377975901254,2023-04-25,2021-03-14,11,914
2.453241539145138,0.7883713368964769,2022-05-13,2021-10-27,10,915
7.623840203250375,0.7991554140399535,2021-11-22,2023-09-02,13,916
3.168663312813305,0.8204064166435859,2020-12-07,2023-11-04,16,917
8.974178988609479,0.7091730238584366,2021-11-03,2021-05-07,12,918
4.517637568117864,0.6516947715338041,2022-11-12,2023-04-07,11,919
8.819896985368644,0.5202092121821978,2023-07-24,2022-10-21,19,920
6.511243178934104,0.7733286742661125,2021-01-30,2023-12-30,16,921
0.5110608189878871,0.11026916317826063,2020-03-26,2023-10-30,15,922
7.782647787663492,0.9974760460888318,2021-08-24,2021-10-06,14,923
5.089583505111392,0.13816082757177706,2023-01-04,2023-02-12,10,924
3.362497683688115,0.582497518123898,2021-03-31,2020-07-10,14,925
1.0197556534419232,0.507839480864605,2020-09-08,2022-04-23,11,926
8.010410935416193,0.7007438275174408,2023-12-24,2023-10-11,19,927
5.1591222443116775,0.8189220733777139,2020-09-20,2023-03-05,20,928
0.7246884996167382,0.765898943523186,2021-09-01,2020-06-02,19,929
1.6384983373060547,0.6154166078520228,2021-01-10,2022-05-09,11,930
8.430455886279269,0.3243184060004203,2022-10-09,2023-11-21,14,931
9.712221843084336,0.8958698884648278,2021-02-04,2021-02-09,19,932
1.2043854017739917,0.13910045896549472,2023-10-22,2022-02-18,14,933
3.5508755196872515,0.2749771491700207,2022-02-25,2022-01-10,19,934
0.858201609657391,0.6547414454013064,2020-01-03,2023-11-28,13,935
5.2063731633449,0.2362240479087908,2022-12-07,2022-12-19,16,936
1.7016404720230403,0.879809598357783,2021-06-06,2023-08-06,19,937
0.8294104664251848,0.43058543517457115,2021-03-23,2020-06-09,20,938
4.669175608426567,0.6015350259504596,2020-08-02,2023-08-15,15,939
8.58421658357007,0.16909188134327202,2021-04-21,2020-04-20,20,940
2.6432084979840624,0.6649417742167252,2022-05-02,2020-09-20,19,941
2.032811652406682,0.15481398812227642,2023-09-19,2020-04-05,17,942
2.967555807640792,0.2723891723440962,2020-02-03,2021-11-24,10,943
9.846317882066327,0.7094873849387703,2020-08-17,2020-03-01,11,944
3.070360217514229,0.8366367002475102,2021-11-25,2023-02-24,11,945
3.0638555895419395,0.5217128897695446,2021-04-23,2021-03-06,11,946
9.701874260112596,0.5910360147729875,2022-04-30,2020-08-25,10,947
8.892844943630179,0.3232471892502844,2020-06-07,2021-03-06,19,948
6.565755227241613,0.32102369341279924,2023-09-28,2023-11-21,10,949
0.9476405520402894,0.15891674138559853,2022-06-02,2022-03-24,17,950
2.661854385246429,0.4801634805256778,2021-11-15,2021-11-10,10,951
4.972459561333029,0.06407096417875979,2023-09-24,2021-11-19,13,952
5.610755284025514,0.013455832216572206,2021-08-03,2022-08-15,12,953
8.861217671291561,0.033144279760188744,2020-06-10,2023-10-23,18,954
1.8039941509302144,0.9726834127488508,2020-06-05,2022-08-30,12,955
7.740532365512145,0.0027863604226989747,2021-05-01,2022-12-24,13,956
6.5125905107669055,0.7332495499285786,2023-05-03,2022-11-24,10,957
1.0650061858454458,0.916756132007124,2022-02-02,2021-12-17,19,958
6.187463157503641,0.3407105811948601,2023-08-09,2021-03-26,17,959
5.935719166649641,0.4304411237609209,2023-06-05,2021-05-07,15,960
4.45376437480019,0.5082684203235404,2022-11-21,2021-02-21,13,961
3.532146297866864,0.6366700282575095,2022-09-25,2023-10-30,11,962
0.7253833464053235,0.5899868735416867,2022-11-14,2022-05-30,15,963
7.472136234133047,0.7609512756828997,2022-03-23,2021-11-20,14,964
9.217336946623492,0.3693603446144027,2021-05-15,2022-05-02,20,965
0.8745433437057337,0.7645777929923959,2022-08-25,2023-07-02,17,966
1.0907241645512742,0.03568269452148809,2022-02-27,2020-09-06,19,967
3.714391369767048,0.5395643043568032,2020-05-22,2022-09-04,10,968
4.213299074269569,0.913781609198425,2020-09-30,2023-07-07,11,969
3.947413854485275,0.6547849727423389,2020-12-24,2022-05-31,17,970
2.0813658173678795,0.2602730613071299,2020-08-02,2021-06-16,17,971
3.3879400370259862,0.43900564107739537,2022-04-07,2020-08-03,20,972
5.665533931676722,0.3294741720067266,2020-07-22,2020-05-16,19,973
7.247580051264287,0.7988379537545763,2022-12-11,2021-04-09,14,974
1.965598416381848,0.09506371632401389,2023-02-18,2020-04-18,16,975
9.55193334664492,0.7909334923263907,2020-09-13,2023-10-15,20,976
6.5650285132891675,0.6332498137613974,2023-11-01,2020-09-30,11,977
6.471841664274792,0.12807593225225733,2022-05-04,2023-10-01,17,978
3.294700024216993,0.13120242953998307,2022-02-28,2022-09-15,13,979
2.8767636839381985,0.9781631556539351,2020-08-22,2023-01-07,18,980
5.5104346801963136,0.2042795087043019,2022-04-23,2020-03-12,11,981
8.135142093563411,0.3337561936564707,2022-05-04,2021-03-24,18,982
1.3220663314768983,0.6381137520595964,2020-10-24,2023-08-15,17,983
3.6341293380156072,0.02683895914689516,2021-05-31,2021-05-24,20,984
1.737626308611059,0.809172623926631,2020-03-31,2023-07-11,15,985
8.527297318182491,0.24912228207926135,2022-09-04,2023-10-15,19,986
3.622492644168175,0.6724461131484379,2023-07-14,2023-09-22,14,987
5.438509154745981,0.1049763578980446,2020-07-12,2020-01-27,19,988
4.239856232300635,0.7244474572531897,2023-01-16,2021-06-25,10,989
2.2230486934162386,0.6806466486705051,2021-06-30,2021-12-15,15,990
1.228865281442905,0.4563190883926651,2021-01-07,2021-06-20,12,991
6.89454155201136,0.06831619170339887,2020-12-23,2020-08-30,12,992
5.541717262669731,0.991971428163378,2022-04-04,2020-04-18,18,993
8.06208028896005,0.14725249883400593,2023-06-19,2023-09-24,14,994
7.523330282248053,0.6082801180538489,2020-10-28,2020-05-24,12,995
2.127406122251972,0.4244069129694803,2021-05-04,2023-05-04,13,996
6.748620547709252,0.9784941614188052,2021-03-16,2020-06-09,15,997
1.0653975076159765,0.4315760555362381,2020-04-03,2020-02-03,10,998
2.288296425589579,0.18610731496383237,2020-03-03,2023-06-10,13,999
9.863549917325265,0.6941639050915587,2022-07-23,2021-07-10,20,1000
1.2304683697810892,0.5392992003660104,2023-11-16,2021-03-06,13,1001
4.922041997098027,0.1198853205569238,2020-04-29,2021-05-04,18,1002
3.875566736443074,0.22905954643923365,2021-03-09,2022-04-30,15,1003
9.310440625946745,0.9113320957727149,2023-06-22,2023-01-24,16,1004
8.0174884696858,0.8012541240332536,2020-08-14,2020-12-23,15,1005
5.351624297393185,0.43744513526966133,2022-07-27,2020-03-16,19,1006
4.744839327053903,0.003152724415662389,2020-12-22,2020-01-04,16,1007
3.2330548372987016,0.2887856895166221,2020-08-14,2020-04-30,19,1008
9.630810904652279,0.48264911474986416,2021-08-08,2023-12-07,10,1009
4.643296991077468,0.42797244143659074,2023-05-15,2021-08-14,20,1010
7.020415750669092,0.13551399381955476,2021-09-22,2023-01-04,14,1011
1.9178944803842153,0.19605579083463698,2021-10-09,2020-01-01,10,1012
4.971942775808682,0.8304087876272029,2022-04-03,2023-09-25,19,1013
4.16406766135804,0.13130133671703492,2020-10-20,2021-02-28,13,1014
8.290871220293763,0.7043967964522986,2023-04-14,2023-03-23,10,1015
2.8182905799480187,0.9039203303818597,2023-11-15,2021-11-26,13,1016
1.2204271104947972,0.736613345335695,2020-02-19,2023-12-26,13,1017
5.5957042774310235,0.8012015426600576,2023-09-12,2021-08-25,19,1018
3.9689930347137534,0.3769743511626388,2023-01-15,2020-12-26,17,1019
0.7563301660186987,0.5853258770474093,2021-12-07,2020-06-07,16,1020
1.8189608858074173,0.7800492480237065,2023-08-11,2021-09-22,17,1021
3.120752545548042,0.40921569755099896,2024-01-07,2021-03-31,16,1022
1.0021317182271123,0.9761790921266309,2020-08-29,2021-03-24,20,1023
7.716507761403471,0.7506622246989841,2022-03-18,2020-02-04,20,1024
7.663074995993722,0.011788823719091845,2023-04-28,2020-04-06,13,1025
5.347110681661991,0.8092026792498798,2021-03-19,2022-06-16,15,1026
5.669811929055866,0.5029621601436689,2021-04-28,2021-09-15,14,1027
5.000721858465691,0.10723460030426113,2023-09-11,2022-10-09,13,1028
4.5397377505283725,0.5798945930574217,2022-05-14,2022-07-10,20,1029
3.3320922802762727,0.1305036313439245,2020-09-04,2023-01-01,18,1030
4.306717078069722,0.5340612203138153,2021-05-08,2021-02-27,20,1031
2.438159179863095,0.9146460617750085,2022-08-28,2021-03-30,18,1032
4.092829173447354,0.7698184279433085,2023-01-10,2020-06-06,17,1033
9.087341949993109,0.765780244361011,2022-03-13,2023-07-15,20,1034
7.102259841824857,0.08897396654747602,2020-02-16,2020-06-18,16,1035
1.2214067285382484,0.6961572715967721,2023-04-14,2022-12-26,13,1036
4.60916691451461,0.8615201007389589,2022-09-17,2023-05-26,17,1037
0.5096929624847721,0.2722740764950511,2022-07-15,2022-05-25,20,1038
9.045443717433038,0.051449155404553304,2023-05-28,2022-12-23,19,1039
8.116422217713154,0.059866939699540045,2020-11-06,2022-07-31,18,1040
7.666818802580018,0.8294133226907499,2023-06-18,2021-05-06,11,1041
2.381892044536581,0.004362213967994744,2022-09-17,2023-11-18,13,1042
1.01138406355857,0.7735351799521515,2021-10-11,2020-12-30,20,1043
3.617065379519582,0.22361567274314442,2021-09-22,2020-06-22,20,1044
0.5556824792754907,0.5895027601902574,2021-06-17,2021-11-27,19,1045
3.1960092210279782,0.09881123272666237,2021-11-13,2020-07-19,20,1046
1.3417133595179611,0.29086702527124797,2023-02-06,2020-08-01,14,1047
2.414899830783368,0.529494145415765,2023-01-25,2023-03-26,10,1048
3.4912262801802765,0.7561403244397835,2021-10-07,2020-10-23,10,1049
3.468006446882552,0.17553676954461306,2021-10-22,2021-12-14,14,1050
9.366970779586772,0.4858112335132474,2021-03-14,2021-10-31,10,1051
3.74373669224524,0.3528262172757952,2022-09-30,2022-06-27,18,1052
4.973848991401746,0.6748018807860081,2024-01-02,2021-08-18,20,1053
3.3158534282436283,0.46327896962538806,2023-01-10,2022-05-03,19,1054
8.306596247400922,0.4678671294257666,2022-07-23,2022-08-05,17,1055
4.702671064179944,0.9863842156841912,2022-07-22,2020-09-04,11,1056
3.3706711351783163,0.4991716157119428,2021-09-22,2023-01-10,16,1057
0.9918263379249961,0.8180891506362731,2021-01-13,2021-10-10,15,1058
0.5881628834812369,0.0576381177176738,2022-11-26,2021-04-29,16,1059
5.6747632308163976,0.5874423332621869,2020-03-22,2022-01-28,14,1060
6.489671332206142,0.22480652187626493,2021-01-23,2023-03-09,12,1061
1.5744606488235882,0.08678868693463959,2021-01-14,2022-09-14,17,1062
2.078269347241427,0.8568690388244253,2021-11-04,2020-01-22,11,1063
6.257728369875704,0.7731448744376238,2022-05-16,2020-06-24,19,1064
7.519711245236339,0.5288205550534113,2023-01-13,2020-01-17,12,1065
2.5898012712156184,0.8291397462663321,2023-01-08,2022-02-17,20,1066
5.148147232784019,0.42630047915691327,2020-01-17,2023-03-23,16,1067
9.203146383164361,0.2181772011884856,2020-01-04,2021-02-21,12,1068
6.9239777032334855,0.4182687176736525,2020-12-23,2023-07-07,10,1069
3.9384725105182126,0.7707477044498152,2022-05-14,2023-09-11,17,1070
3.2199392865992142,0.8130358608362599,2021-03-28,2021-06-19,19,1071
5.643346231033006,0.21293829552387444,2023-02-21,2022-01-22,14,1072
8.819142334182144,0.04627124733729493,2022-03-28,2023-07-05,10,1073
3.592657781805012,0.925827303415134,2021-08-11,2022-02-08,12,1074
3.955446047606587,0.48515225491722846,2020-05-12,2020-04-30,17,1075
6.3395835050891804,0.5448698771097443,2023-04-02,2023-07-03,18,1076
7.486994106763635,0.07570699861883023,2023-09-01,2023-05-06,19,1077
4.075028965228066,0.24076246268202417,2022-10-24,2023-03-01,16,1078
3.9759763473325926,0.13532964267941772,2020-02-21,2022-07-05,20,1079
7.1273638219811515,0.44787829346027175,2020-06-17,2020-04-27,20,1080
5.860340977385623,0.8001007965350866,2021-02-20,2022-03-17,17,1081
8.205220560179027,0.6781630826526185,2022-09-14,2020-09-18,15,1082
6.373525993308473,0.3634096353883912,2023-12-06,2023-02-09,19,1083
8.617450882689882,0.5107457967568315,2020-07-18,2020-03-07,18,1084
6.0289518542176195,0.44430041899082406,2021-07-14,2020-11-29,18,1085
6.255274401088132,0.08824056775744427,2023-06-01,2023-03-01,16,1086
1.2171662043618257,0.8808030408898727,2020-09-24,2021-12-25,16,1087
8.01946209386681,0.3862176660775749,2022-11-17,2022-11-04,18,1088
5.983497331549091,0.766885130335102,2022-12-10,2024-01-04,11,1089
2.9027244830610446,0.6731008900057666,2020-03-20,2021-05-24,17,1090
1.4851209046685763,0.7202821302300729,2022-03-08,2021-06-05,14,1091
9.325234054272192,0.4839551180251126,2021-06-24,2021-02-14,18,1092
6.019221711208782,0.8617908695294607,2023-12-02,2023-07-06,15,1093
5.393081567854407,0.7009125025776864,2023-10-18,2021-02-01,20,1094
8.57542718020793,0.8608735644691646,2022-08-07,2020-06-01,13,1095
5.821968044201591,0.38834009245547685,2021-10-10,2020-11-15,20,1096
6.508839235041726,0.9237820838703141,2023-07-23,2022-11-16,10,1097
6.451165427230444,0.9246335311020999,2022-08-17,2020-06-02,10,1098
3.281102977749193,0.04775089637013319,2022-09-07,2022-11-10,11,1099
4.307311913143537,0.09824348262337324,2020-10-03,2020-01-20,13,1100
5.659275755195616,0.12759608734424965,2020-04-07,2021-09-17,20,1101
8.376377393726099,0.45165753567691436,2020-02-25,2021-07-03,13,1102
7.728323448109582,0.651993905793089,2023-04-26,2023-01-03,12,1103
9.462413779510277,0.24507960163143871,2022-03-31,2020-06-15,16,1104
3.71430785077367,0.700935405301514,2020-09-30,2022-09-09,16,1105
7.6428264667097565,0.13935769731493253,2023-11-17,2020-03-01,14,1106
1.0054827450441708,0.4897270453173451,2020-08-25,2022-01-21,15,1107
3.654797686137089,0.614917593335735,2022-07-06,2023-02-04,19,1108
4.009314079966085,0.3224569722517393,2023-04-03,2021-09-12,12,1109
3.193994892924953,0.2792690485698579,2023-12-21,2021-07-21,12,1110
3.391625727505563,0.5659019645538906,2022-12-29,2021-11-23,14,1111
6.258871435510328,0.10643814913817562,2020-02-22,2021-05-10,12,1112
3.2618804529599963,0.8732052168766636,2023-07-16,2022-10-01,18,1113
6.994150079489554,0.9612810586194653,2021-10-19,2021-02-17,10,1114
2.7853238998556313,0.8916081553009098,2020-03-22,2021-02-14,11,1115
4.405676564088548,0.9232614249552934,2023-12-10,2020-02-22,15,1116
4.809567539641058,0.512199722607231,2022-07-15,2020-07-04,14,1117
2.318429600900408,0.41083458949734997,2023-12-15,2020-05-03,13,1118
0.8213723603162113,0.07048857654220808,2023-05-23,2023-08-03,14,1119
3.3868477902692766,0.07604619095352172,2023-04-22,2020-05-03,13,1120
7.17526384464413,0.7757569772224964,2023-08-05,2022-04-12,15,1121
0.9187936626425491,0.19459230675737027,2022-03-17,2021-05-20,20,1122
6.80442184950688,0.615419110983287,2020-02-01,2021-08-06,14,1123
6.604715025800821,0.027841074265664623,2022-06-25,2020-07-18,14,1124
8.481066041210429,0.3410527807434034,2021-01-17,2021-11-27,10,1125
4.776662531815876,0.8344134190931171,2023-03-31,2020-07-19,17,1126
1.5894190054647375,0.5642622833340688,2023-01-25,2020-06-11,10,1127
2.796195871483517,0.3479125534562322,2021-01-06,2022-02-11,18,1128
5.867909954997591,0.6569000367789659,2021-10-10,2021-09-22,20,1129
0.9771398305398897,0.9791469058959404,2022-11-25,2021-11-20,10,1130
6.988807842768723,0.27572988264718246,2021-01-19,2020-01-27,11,1131
2.985068856676062,0.7672068241823965,2023-06-20,2020-12-29,18,1132
5.791097532612623,0.03666198910979912,2020-05-23,2021-10-25,15,1133
4.783761049442754,0.13228615295958834,2021-11-20,2022-05-24,11,1134
4.339101892843242,0.5474825170579423,2023-08-20,2021-11-28,18,1135
6.684515199925535,0.5674474833346063,2020-04-05,2020-11-02,17,1136
9.277119602113988,0.5614761184339595,2022-08-04,2020-07-23,19,1137
1.141035896869268,0.8261413478736479,2023-10-09,2022-11-14,16,1138
7.442852376313124,0.4828271862346152,2020-05-08,2023-03-05,11,1139
6.587211537264154,0.21976104526110096,2020-09-02,2023-08-24,11,1140
2.710929570480844,0.021536965642925843,2022-07-08,2021-11-21,13,1141
2.53745458788615,0.18559760201756603,2023-07-22,2020-04-22,15,1142
3.5222855907182398,0.9277608171337485,2023-05-13,2022-07-11,10,1143
4.8709396206881195,0.485292271444404,2023-09-17,2023-06-20,17,1144
9.947406319526383,0.8212134961625537,2021-08-29,2023-06-26,16,1145
8.53439986002414,0.7705813882495998,2020-05-24,2022-03-03,16,1146
1.6411286150577225,0.613358823417523,2023-10-17,2022-06-30,14,1147
7.394764414479568,0.8813988789023879,2022-09-29,2020-03-28,12,1148
6.868684485479477,0.9154549176202113,2020-02-04,2023-06-10,11,1149
6.906620285521264,0.01356215266570271,2022-04-16,2021-12-27,18,1150
9.798107397148005,0.8080022240985003,2023-06-10,2022-03-12,20,1151
3.0464994146383484,0.6168224639533479,2020-02-08,2020-04-13,17,1152
0.9389555479158944,0.9097055156736792,2020-03-17,2023-08-11,13,1153
2.8438247765071876,0.28796665777535935,2023-01-24,2021-03-11,20,1154
0.6250190580389496,0.35340959817915574,2023-08-07,2021-03-14,20,1155
4.1891175867037465,0.6168531921434658,2021-09-07,2022-09-07,20,1156
1.8546089512108972,0.6130229707046357,2023-09-04,2021-10-28,10,1157
3.210506141887839,0.9233175679716222,2021-01-21,2020-05-06,10,1158
6.186437546256969,0.5827237988034031,2020-06-06,2021-11-11,10,1159
0.988035083764208,0.6019817695227319,2023-08-01,2021-04-26,18,1160
3.661013882376943,0.37819177642369595,2023-04-29,2022-12-26,15,1161
5.054816283036471,0.5865051132447827,2020-08-25,2021-04-10,16,1162
4.396173836368151,0.22198748890181064,2020-02-10,2021-11-15,16,1163
1.0427738743185944,0.8845872218619567,2023-12-16,2020-06-21,17,1164
7.110353984977618,0.6707005024495698,2023-05-18,2022-12-20,10,1165
7.5794953963054335,0.42595224355968464,2023-10-07,2020-04-05,18,1166
0.589574666179954,0.7922650772434696,2021-01-23,2021-11-10,13,1167
8.861203814334246,0.2567498691569031,2020-10-21,2022-05-28,16,1168
6.118445714943744,0.06786600731182646,2022-07-28,2020-08-29,11,1169
7.905692590388331,0.010582883653680208,2023-09-05,2022-03-13,19,1170
1.337999496005358,0.25891884936833764,2022-05-14,2022-09-09,13,1171
9.762573147921081,0.8752523659037792,2021-11-12,2023-09-26,19,1172
8.193122128314322,0.9431348667275031,2022-07-21,2021-12-15,14,1173
1.1902041518122835,0.23839472015792007,2020-06-18,2020-10-28,14,1174
3.162756929955547,0.15332434407151485,2020-07-11,2022-02-18,14,1175
8.081873922915026,0.058480693806499895,2020-01-12,2022-11-18,12,1176
9.114843987307824,0.13127185417239573,2022-10-06,2022-09-24,10,1177
3.5959351038128893,0.7197276804269789,2024-01-04,2020-10-11,16,1178
8.13290136252771,0.8007858151137545,2020-03-07,2022-02-15,11,1179
7.690209584160057,0.4343861141400561,2020-01-07,2023-08-03,11,1180
1.5979589304246513,0.843502822361491,2020-08-27,2023-07-31,17,1181
6.604004015183595,0.8353396640583136,2023-11-04,2021-12-16,12,1182
8.22336325727575,0.3864465483693561,2023-01-18,2023-02-03,16,1183
3.4452533224724338,0.8701996104236829,2023-10-30,2022-09-07,19,1184
7.880036488689261,0.9223876485900065,2020-07-25,2021-01-30,11,1185
6.034308789085217,0.3181850158124516,2020-06-25,2022-04-24,16,1186
4.957277539637782,0.40167996685288876,2022-10-23,2021-09-20,17,1187
6.0022269005326825,0.6054361468387413,2022-09-15,2021-07-20,12,1188
5.91397239572908,0.6010596169589584,2023-07-15,2023-12-12,17,1189
3.4219469158602256,0.4642610422896699,2022-01-19,2020-09-07,20,1190
4.222930888599901,0.7595185105511251,2020-12-15,2020-11-24,15,1191
0.57422640185008,0.1901241539234254,2020-07-19,2023-11-16,15,1192
4.296791977752822,0.9723573974073006,2020-09-17,2023-12-26,16,1193
5.9824939507720645,0.16080599432013476,2020-07-18,2021-01-11,17,1194
7.6121199661428545,0.7140908109400609,2020-03-05,2023-05-04,14,1195
7.19131951687911,0.3249860546372465,2021-04-07,2021-03-13,17,1196
4.802406224432594,0.5823512350115118,2021-12-10,2021-10-14,15,1197
7.070256433302728,0.13101176407045323,2020-04-18,2021-08-03,14,1198
8.076996328356742,0.35375570113692245,2023-02-08,2021-12-15,17,1199
9.334715116750177,0.41391759901632674,2021-07-13,2022-07-12,15,1200
8.009858505466216,0.3107340312797895,2023-11-11,2022-11-07,18,1201
7.2061577877203655,0.762825942877098,2020-04-05,2023-12-15,15,1202
4.063694696224465,0.3107761773039638,2022-06-17,2022-12-25,11,1203
1.1984076972619917,0.24068623613065765,2022-11-06,2023-08-01,15,1204
1.1374235222295113,0.9880784514469826,2023-06-01,2021-06-09,13,1205
7.601495658609065,0.571990804669044,2023-09-24,2021-05-03,14,1206
9.663301380767642,0.7890830893301856,2021-06-22,2021-07-28,19,1207
9.893887911430154,0.9797618226470484,2023-11-19,2021-01-11,12,1208
9.41444964557241,0.8010573091621208,2023-10-19,2021-04-20,18,1209
4.648301421394733,0.20240159219446763,2021-05-26,2020-08-28,16,1210
1.383625761866304,0.6551942643432045,2021-12-20,2022-11-29,13,1211
4.402837230655432,0.6013417972028291,2023-10-01,2023-04-25,15,1212
0.7247274097254284,0.10842730721765637,2022-01-12,2022-11-16,14,1213
9.183712258877735,0.9898290691495841,2023-01-18,2021-08-18,17,1214
1.3182745914332132,0.5370978111585155,2022-03-22,2020-04-24,17,1215
9.324253846859483,0.09705704907318669,2022-04-15,2021-10-24,14,1216
2.4808722443238573,0.7495620933907954,2022-01-06,2020-07-04,14,1217
3.4621299868265467,0.6296423890757775,2022-09-07,2023-03-30,16,1218
2.9938539623752822,0.18211033401330312,2023-12-09,2022-10-29,13,1219
5.482070418699107,0.16253332937993592,2023-11-16,2020-07-28,13,1220
1.5760944386465057,0.46740956707046566,2021-08-01,2022-02-28,13,1221
0.8498440471946367,0.5608766892939883,2023-04-06,2021-07-15,13,1222
5.028876182394332,0.08332419129462221,2020-11-14,2021-07-22,16,1223
5.287653412529426,0.8556269907670271,2020-06-25,2022-11-04,11,1224
7.141404809732558,0.48810920473144703,2022-07-09,2023-03-22,17,1225
7.255202917404484,0.15484939828000333,2020-03-31,2021-10-09,10,1226
1.8579856342261338,0.22513900171095924,2023-04-16,2021-02-04,11,1227
1.252231021819202,0.009457009652133586,2023-10-03,2023-09-12,15,1228
4.856439128758201,0.40198537264571677,2020-08-31,2022-04-24,12,1229
8.855303856056386,0.7099316826068678,2022-11-19,2023-08-21,13,1230
6.665299593431094,0.19838956985163014,2021-05-16,2021-04-07,13,1231
3.1313953785917685,0.6020895726387521,2022-05-07,2022-02-19,16,1232
5.35680672156799,0.0594834085446061,2023-05-04,2021-06-14,19,1233
2.6820731856553195,0.9401803619747392,2022-11-07,2021-10-16,16,1234
7.285146750794267,0.1300787166146321,2022-04-03,2022-07-17,18,1235
0.9474412518268611,0.08308346186678928,2021-12-11,2020-09-19,12,1236
3.1310460142005034,0.5174588183065919,2022-07-01,2022-05-14,15,1237
7.570336464558887,0.06160099156669785,2022-10-24,2021-01-04,17,1238
4.493683255387258,0.6710979368955691,2022-07-14,2020-08-19,11,1239
7.120323239326234,0.14035372291476278,2022-07-01,2021-10-09,15,1240
7.252491788098302,0.8781513382412512,2022-10-25,2021-11-02,15,1241
2.7884890066034473,0.3369026984335196,2023-09-20,2020-09-14,19,1242
9.857127111161294,0.5335048937628557,2021-12-18,2020-04-23,16,1243
2.5046838959719335,0.325588858259624,2022-09-21,2021-06-03,13,1244
8.051683219421127,0.035987841747909255,2021-11-26,2022-05-07,12,1245
5.852226948735575,0.013056443878234458,2022-07-17,2020-09-26,15,1246
4.98812614598535,0.2544983311507961,2022-07-29,2022-03-29,20,1247
2.32035251354924,0.879396368245607,2021-02-08,2020-03-16,15,1248
9.01494242172424,0.9524047344498555,2022-12-10,2022-11-12,13,1249
7.051027829918624,0.21614460887695164,2021-10-09,2021-10-19,15,1250
7.025076071941997,0.9048484745239669,2020-11-14,2022-05-16,14,1251
5.013713984072581,0.23246811424026748,2021-10-08,2023-04-21,14,1252
9.898117263093724,0.26790753059128636,2022-12-16,2023-01-10,14,1253
9.855779193715726,0.06748601554019662,2021-03-02,2023-07-18,16,1254
3.2218426282864083,0.4581417536011517,2024-01-04,2021-08-11,13,1255
6.84111052917211,0.8519002728650651,2022-05-06,2021-11-05,10,1256
2.144243543360972,0.19577367532652235,2023-02-22,2022-03-30,15,1257
3.964082839251421,0.8170240218070673,2020-05-10,2023-04-03,18,1258
7.582627850620198,0.8842125872014917,2022-01-13,2022-04-15,16,1259
5.780692779440382,0.20092121834077425,2023-08-06,2023-03-07,10,1260
5.508070954714777,0.19874539352557918,2022-11-21,2023-12-21,11,1261
8.044237518658736,0.061098249518968695,2022-07-30,2021-10-29,14,1262
8.997177465003684,0.9576090550318948,2022-05-29,2021-01-10,18,1263
5.211962893714024,0.27893910249611664,2022-08-29,2021-06-25,17,1264
5.099565280131424,0.5548743168193616,2021-05-20,2023-04-21,11,1265
3.921438997636393,0.9913466122616668,2021-06-01,2020-07-29,13,1266
8.840899972994379,0.13634604212974455,2020-03-11,2020-11-27,15,1267
1.6608599385662455,0.17062945309829802,2021-05-07,2020-07-19,11,1268
2.056038082444475,0.8044346009169738,2023-04-18,2020-04-10,10,1269
1.691402762826197,0.21307452885165823,2021-11-06,2020-12-23,17,1270
7.612086465700094,0.3143265155480678,2020-03-18,2021-04-09,20,1271
1.7670861607358448,0.22450837694273618,2023-05-11,2021-12-04,15,1272
1.6777232050250208,0.11373307080569439,2021-11-08,2022-12-10,10,1273
2.178946063978322,0.9395635738495423,2022-03-31,2020-04-21,19,1274
3.1271709942385977,0.9602322135786971,2022-05-31,2020-04-13,12,1275
6.951375312836004,0.760779648701976,2020-01-04,2022-06-16,20,1276
0.7181681500998188,0.49781348396283165,2021-06-23,2023-02-07,17,1277
8.951404336503614,0.7695468067274999,2020-02-08,2020-05-18,20,1278
4.367846085158653,0.6259598116380464,2022-11-30,2020-08-14,19,1279
7.937385664731981,0.9776546300142979,2021-06-09,2021-04-22,18,1280
3.675466735231345,0.057599537584988925,2021-09-08,2023-02-12,12,1281
9.644708707206831,0.27581328154494233,2020-06-14,2023-03-04,19,1282
0.7380969552306615,0.8956205217174839,2022-03-30,2020-02-21,15,1283
0.9218252610709172,0.36525296897074544,2022-08-23,2023-10-31,20,1284
2.642971607870577,0.2897963772976798,2021-03-25,2024-01-01,19,1285
7.7985476930814945,0.7886607052470673,2020-08-09,2021-01-13,20,1286
3.9293068195078193,0.11287060203764465,2022-09-22,2023-10-11,11,1287
5.336455825973194,0.0074837392735935815,2023-10-10,2020-06-07,16,1288
7.44844546921521,0.9150841544897667,2020-07-21,2020-06-05,18,1289
3.7014110688701507,0.7926989784665589,2020-05-27,2020-05-26,12,1290
5.388915006468437,0.8083028453035878,2020-06-28,2023-03-23,19,1291
9.981401707744546,0.688672602481889,2023-03-04,2020-05-29,19,1292
0.8390196724032446,0.0021936393779532493,2022-04-02,2021-08-24,19,1293
2.8135550512684793,0.8959780192435519,2021-10-17,2023-08-13,14,1294
6.702555195942799,0.4200854089802373,2020-01-08,2023-04-16,16,1295
4.19773225213126,0.22453317951913165,2023-04-02,2020-10-14,12,1296
1.95392204340288,0.9278350342870172,2021-06-11,2020-02-07,17,1297
4.292144052205708,0.8941251091837746,2021-04-09,2020-09-10,12,1298
5.511328690880074,0.7959205752186208,2022-03-15,2020-10-05,15,1299
1.0208000926747336,0.6065536035084499,2021-12-22,2022-09-03,15,1300
2.9130320513082246,0.2260026560820776,2020-03-05,2022-10-06,15,1301
3.2272986676835207,0.035480550282073864,2021-09-20,2022-02-14,17,1302
2.4486079340010813,0.7660487728619819,2020-05-06,2020-07-01,10,1303
2.5468782791795372,0.7291048612204352,2023-01-05,2022-02-05,18,1304
9.417608977611883,0.04550871030769654,2020-03-20,2022-10-24,18,1305
4.365653683525467,0.3816098628196368,2021-04-13,2022-08-16,10,1306
7.514683838010324,0.5832526861919152,2020-02-19,2021-10-26,19,1307
6.626728415930035,0.5310192036617352,2020-03-06,2020-01-27,18,1308
7.2745299953714815,0.11194135950262107,2022-06-19,2021-10-28,19,1309
